,sourceimagefileid,fovimagedate,fovid,instrument,localfilepath,wellname,barcode,cellline,workflow,imaging_mode,gene,latest_segmentation_filename,latest_segmentation_readpath,latest_segmentation_metadata
26804,cdb4e547122f42b4b4c3f40563d25f67,05:28.0,165530,ZSD-1,/allen/programs/allencell/data/proj0/f67/d25/563/f40/4c3/b4b/f42/122/547/b4e/cd/3500004429_100X_20210406-alignV2-Scene-065-P65-E09.ome.tiff,E9,3500004429,AICS-93,['Pipeline 4.8'],Mode A,TERF2,3500004429_100X_20210406-Scene-065-P65-E09_CellNucSegCombined.ome.tiff,/allen/programs/allencell/data/proj0/5d1/799/2f2/482/01d/259/b40/823/81c/be9/06/3500004429_100X_20210406-Scene-065-P65-E09_CellNucSegCombined.ome.tiff,"{""file"":{""original_path"":""/tmp/tmpbmwjc20o/3500004429_100X_20210406-Scene-065-P65-E09_CellNucSegCombined.ome.tiff"",""file_type"":""image"",""file_name"":""3500004429_100X_20210406-Scene-065-P65-E09_CellNucSegCombined.ome.tiff"",""job_id"":""c11c3aeaef5542328099b29afa56a70e"",""file_id"":""06be981c823b4025901d4822f27995d1"",""sha256"":""04ee2acf79ebb23da3065ed9266678b07ce4d6a3d9b757c4570a75c3524110fd"",""md5"":""8a4c281ba1efe74b5be1dfc3be726f08"",""file_size"":1079068,""read_path"":""/allen/programs/allencell/data/proj0/5d1/799/2f2/482/01d/259/b40/823/81c/be9/06/3500004429_100X_20210406-Scene-065-P65-E09_CellNucSegCombined.ome.tiff""},""provenance"":{""input_files"":[""cdb4e547122f42b4b4c3f40563d25f67""],""algorithm_version"":""0.1.0"",""algorithm"":""dna_cell_segmentation_ML_v1""},""content_processing"":{""channels"":{""0"":{""processing_date"":""2021-05-13T23:43:29Z"",""run_id"":81168,""content_type"":""Nucleus segmentation"",""algorithm_version"":""0.1.0"",""algorithm"":""dna_cell_segmentation_ML_v1"",""content_type_id"":16,""algorithm_id"":124,""algorithm_info"":""dna_cell_segmentation_ML_v1-0.1.0""},""1"":{""processing_date"":""2021-05-13T23:43:29Z"",""run_id"":81168,""content_type"":""Membrane segmentation"",""algorithm_version"":""0.1.0"",""algorithm"":""dna_cell_segmentation_ML_v1"",""content_type_id"":17,""algorithm_id"":124,""algorithm_info"":""dna_cell_segmentation_ML_v1-0.1.0""},""2"":{""processing_date"":""2021-05-13T23:43:29Z"",""run_id"":81168,""content_type"":""Nucleus contour"",""algorithm_version"":""0.1.0"",""algorithm"":""dna_cell_segmentation_ML_v1"",""content_type_id"":19,""algorithm_id"":124,""algorithm_info"":""dna_cell_segmentation_ML_v1-0.1.0""},""3"":{""processing_date"":""2021-05-13T23:43:29Z"",""run_id"":81168,""content_type"":""Membrane contour"",""algorithm_version"":""0.1.0"",""algorithm"":""dna_cell_segmentation_ML_v1"",""content_type_id"":21,""algorithm_id"":124,""algorithm_info"":""dna_cell_segmentation_ML_v1-0.1.0""}},""cell_ids"":[1042544,1042545,1042546,1042547,1042548,1042549,1042550,1042551,1042552,1042553,1042554,1042555,1042556,1042557,1042558,1042559,1042560,1042561,1042562,1042563,1042564,1042565,1042566,1042567,1042568,1042569,1042570,1042571]},""microscopy"":{""qc"":""passed"",""plate_barcode"":""3500004429"",""plate_id"":6869,""imaging_date"":""2021-04-06T19:05:28Z"",""fov"":{""position_x"":73604.615,""position_y"":41566.027,""position_z"":8750.23,""acquisition_date"":""2021-04-06T19:05:28Z""},""well_name"":""E9"",""fov_id"":165530,""objective"":100,""well_id"":340469},""cell"":{""protocol"":{""name"":""Single Gene HDR Edit"",""protocol_id"":3,""cell_population_table_name"":""StemCellPopulation"",""protocol_group_id"":1},""passage"":35,""stage"":""Clones, final bank"",""population_id"":12632,""line"":""AICS-93"",""stage_id"":8,""edits"":[{""cr_rna_batch"":""TERF2_crRNA-1-B1"",""gene"":""TERF2"",""tag_location_id"":2,""cas9_batch_id"":2,""cas9_id"":1,""fluorescent_protein"":""mEGFP"",""cas9"":""spCas9"",""donor_plasmid_batch"":""TERF2-mEGFP"",""donor_plasmid"":""TERF2-mEGFP"",""donor_plasmid_id"":77,""cas9_batch"":""2017_Batch2"",""donor_plasmid_batch_id"":89,""cr_rna_id"":177,""cr_rna"":""TERF2_crRNA-1"",""cr_rna_batch_id"":192,""fluorescent_protein_id"":2,""gene_id"":61,""tag_location"":""N-terminus""}],""clone"":""25"",""line_id"":98,""parent_cell_population_id"":12621}}"
26810,8e073c62820f4df7ab87975136663946,04:29.0,165536,ZSD-1,/allen/programs/allencell/data/proj0/946/663/136/975/b87/f7a/f4d/820/c62/073/8e/3500004429_100X_20210406-alignV2-Scene-064-P64-E09.ome.tiff,E9,3500004429,AICS-93,['Pipeline 4.8'],Mode A,TERF2,3500004429_100X_20210406-Scene-064-P64-E09_CellNucSegCombined.ome.tiff,/allen/programs/allencell/data/proj0/44f/f4f/174/98f/39e/0cb/f4d/66d/de0/b90/c3/3500004429_100X_20210406-Scene-064-P64-E09_CellNucSegCombined.ome.tiff,"{""file"":{""original_path"":""/tmp/tmpf7h8p_x_/3500004429_100X_20210406-Scene-064-P64-E09_CellNucSegCombined.ome.tiff"",""file_type"":""image"",""file_name"":""3500004429_100X_20210406-Scene-064-P64-E09_CellNucSegCombined.ome.tiff"",""job_id"":""2ce4b422c48f411c9b3d42de7187314d"",""file_id"":""c3b90de066df4d0cb39e98f174f4f44f"",""sha256"":""758dab6597ede3ef5f5e6b548674f884e3843c52d0b6735948f422467a6dd26a"",""md5"":""430cc0aad8c2fa89d04f850118ecc3ad"",""file_size"":896428,""read_path"":""/allen/programs/allencell/data/proj0/44f/f4f/174/98f/39e/0cb/f4d/66d/de0/b90/c3/3500004429_100X_20210406-Scene-064-P64-E09_CellNucSegCombined.ome.tiff""},""provenance"":{""input_files"":[""8e073c62820f4df7ab87975136663946""],""algorithm_version"":""0.1.0"",""algorithm"":""dna_cell_segmentation_ML_v1""},""content_processing"":{""channels"":{""0"":{""processing_date"":""2021-05-14T00:02:15Z"",""run_id"":81202,""content_type"":""Nucleus segmentation"",""algorithm_version"":""0.1.0"",""algorithm"":""dna_cell_segmentation_ML_v1"",""content_type_id"":16,""algorithm_id"":124,""algorithm_info"":""dna_cell_segmentation_ML_v1-0.1.0""},""1"":{""processing_date"":""2021-05-14T00:02:15Z"",""run_id"":81202,""content_type"":""Membrane segmentation"",""algorithm_version"":""0.1.0"",""algorithm"":""dna_cell_segmentation_ML_v1"",""content_type_id"":17,""algorithm_id"":124,""algorithm_info"":""dna_cell_segmentation_ML_v1-0.1.0""},""2"":{""processing_date"":""2021-05-14T00:02:15Z"",""run_id"":81202,""content_type"":""Nucleus contour"",""algorithm_version"":""0.1.0"",""algorithm"":""dna_cell_segmentation_ML_v1"",""content_type_id"":19,""algorithm_id"":124,""algorithm_info"":""dna_cell_segmentation_ML_v1-0.1.0""},""3"":{""processing_date"":""2021-05-14T00:02:15Z"",""run_id"":81202,""content_type"":""Membrane contour"",""algorithm_version"":""0.1.0"",""algorithm"":""dna_cell_segmentation_ML_v1"",""content_type_id"":21,""algorithm_id"":124,""algorithm_info"":""dna_cell_segmentation_ML_v1-0.1.0""}},""cell_ids"":[1042716,1042717,1042718,1042719,1042720,1042721,1042722,1042723,1042724,1042725,1042726,1042727,1042728,1042729,1042730,1042731,1042732,1042733,1042734,1042735,1042736,1042737]},""microscopy"":{""qc"":""passed"",""plate_barcode"":""3500004429"",""plate_id"":6869,""imaging_date"":""2021-04-06T19:04:29Z"",""fov"":{""position_x"":73394.86200000001,""position_y"":40725.225,""position_z"":8750.23,""acquisition_date"":""2021-04-06T19:04:29Z""},""well_name"":""E9"",""fov_id"":165536,""objective"":100,""well_id"":340469},""cell"":{""protocol"":{""name"":""Single Gene HDR Edit"",""protocol_id"":3,""cell_population_table_name"":""StemCellPopulation"",""protocol_group_id"":1},""passage"":35,""stage"":""Clones, final bank"",""population_id"":12632,""line"":""AICS-93"",""stage_id"":8,""edits"":[{""cr_rna_batch"":""TERF2_crRNA-1-B1"",""gene"":""TERF2"",""tag_location_id"":2,""cas9_batch_id"":2,""cas9_id"":1,""fluorescent_protein"":""mEGFP"",""cas9"":""spCas9"",""donor_plasmid_batch"":""TERF2-mEGFP"",""donor_plasmid"":""TERF2-mEGFP"",""donor_plasmid_id"":77,""cas9_batch"":""2017_Batch2"",""donor_plasmid_batch_id"":89,""cr_rna_id"":177,""cr_rna"":""TERF2_crRNA-1"",""cr_rna_batch_id"":192,""fluorescent_protein_id"":2,""gene_id"":61,""tag_location"":""N-terminus""}],""clone"":""25"",""line_id"":98,""parent_cell_population_id"":12621}}"
26816,cf4319950cbf45759e4d3dff54af5261,29:11.0,165542,ZSD-1,/allen/programs/allencell/data/proj0/261/af5/f54/3df/e4d/759/f45/0cb/995/431/cf/3500004429_100X_20210406-alignV2-Scene-029-P29-E08.ome.tiff,E8,3500004429,AICS-93,['Pipeline 4.8'],Mode A,TERF2,3500004429_100X_20210406-Scene-029-P29-E08_CellNucSegCombined.ome.tiff,/allen/programs/allencell/data/proj0/ec7/033/28f/4ae/0e9/ed8/e48/c49/a55/61d/d3/3500004429_100X_20210406-Scene-029-P29-E08_CellNucSegCombined.ome.tiff,"{""file"":{""original_path"":""/tmp/tmp_fy1xxll/3500004429_100X_20210406-Scene-029-P29-E08_CellNucSegCombined.ome.tiff"",""file_type"":""image"",""file_name"":""3500004429_100X_20210406-Scene-029-P29-E08_CellNucSegCombined.ome.tiff"",""job_id"":""6d11e7e9fa0948e5bef712582f4b54a7"",""file_id"":""d361da55c49e48ed80e94ae28f033ec7"",""sha256"":""4ceb2723828483f091bb82371d9934530ca7b3a86037e5baece5276a6732493b"",""md5"":""0b6b754a293d594fb48139630ecbc7b1"",""file_size"":1031068,""read_path"":""/allen/programs/allencell/data/proj0/ec7/033/28f/4ae/0e9/ed8/e48/c49/a55/61d/d3/3500004429_100X_20210406-Scene-029-P29-E08_CellNucSegCombined.ome.tiff""},""provenance"":{""input_files"":[""cf4319950cbf45759e4d3dff54af5261""],""algorithm_version"":""0.1.0"",""algorithm"":""dna_cell_segmentation_ML_v1""},""content_processing"":{""channels"":{""0"":{""processing_date"":""2021-05-13T23:45:40Z"",""run_id"":81170,""content_type"":""Nucleus segmentation"",""algorithm_version"":""0.1.0"",""algorithm"":""dna_cell_segmentation_ML_v1"",""content_type_id"":16,""algorithm_id"":124,""algorithm_info"":""dna_cell_segmentation_ML_v1-0.1.0""},""1"":{""processing_date"":""2021-05-13T23:45:40Z"",""run_id"":81170,""content_type"":""Membrane segmentation"",""algorithm_version"":""0.1.0"",""algorithm"":""dna_cell_segmentation_ML_v1"",""content_type_id"":17,""algorithm_id"":124,""algorithm_info"":""dna_cell_segmentation_ML_v1-0.1.0""},""2"":{""processing_date"":""2021-05-13T23:45:40Z"",""run_id"":81170,""content_type"":""Nucleus contour"",""algorithm_version"":""0.1.0"",""algorithm"":""dna_cell_segmentation_ML_v1"",""content_type_id"":19,""algorithm_id"":124,""algorithm_info"":""dna_cell_segmentation_ML_v1-0.1.0""},""3"":{""processing_date"":""2021-05-13T23:45:40Z"",""run_id"":81170,""content_type"":""Membrane contour"",""algorithm_version"":""0.1.0"",""algorithm"":""dna_cell_segmentation_ML_v1"",""content_type_id"":21,""algorithm_id"":124,""algorithm_info"":""dna_cell_segmentation_ML_v1-0.1.0""}},""cell_ids"":[1042851,1042852,1042853,1042854,1042855,1042856,1042857,1042858,1042859,1042860,1042861,1042862,1042863,1042864,1042865,1042866,1042867,1042868,1042869,1042870,1042871,1042872,1042873,1042874,1042875,1042876,1042877,1042878,1042879]},""microscopy"":{""qc"":""passed"",""plate_barcode"":""3500004429"",""plate_id"":6869,""imaging_date"":""2021-04-06T18:29:11Z"",""fov"":{""position_x"":67629.458,""position_y"":38387.417,""position_z"":8755.92,""acquisition_date"":""2021-04-06T18:29:11Z""},""well_name"":""E8"",""fov_id"":165542,""objective"":100,""well_id"":340468},""cell"":{""protocol"":{""name"":""Single Gene HDR Edit"",""protocol_id"":3,""cell_population_table_name"":""StemCellPopulation"",""protocol_group_id"":1},""passage"":35,""stage"":""Clones, final bank"",""population_id"":12632,""line"":""AICS-93"",""stage_id"":8,""edits"":[{""cr_rna_batch"":""TERF2_crRNA-1-B1"",""gene"":""TERF2"",""tag_location_id"":2,""cas9_batch_id"":2,""cas9_id"":1,""fluorescent_protein"":""mEGFP"",""cas9"":""spCas9"",""donor_plasmid_batch"":""TERF2-mEGFP"",""donor_plasmid"":""TERF2-mEGFP"",""donor_plasmid_id"":77,""cas9_batch"":""2017_Batch2"",""donor_plasmid_batch_id"":89,""cr_rna_id"":177,""cr_rna"":""TERF2_crRNA-1"",""cr_rna_batch_id"":192,""fluorescent_protein_id"":2,""gene_id"":61,""tag_location"":""N-terminus""}],""clone"":""25"",""line_id"":98,""parent_cell_population_id"":12621}}"
26820,a8b331fca72346ecb3b9a33d3b1d7df9,35:13.0,165546,ZSD-1,/allen/programs/allencell/data/proj0/df9/1d7/d3b/a33/3b9/ecb/346/a72/1fc/b33/a8/3500004429_100X_20210406-alignV2-Scene-035-P35-E08.ome.tiff,E8,3500004429,AICS-93,['Pipeline 4.8'],Mode A,TERF2,3500004429_100X_20210406-Scene-035-P35-E08_CellNucSegCombined.ome.tiff,/allen/programs/allencell/data/proj0/089/80f/554/d99/8e2/7d8/642/57a/e2b/6a3/40/3500004429_100X_20210406-Scene-035-P35-E08_CellNucSegCombined.ome.tiff,"{""file"":{""original_path"":""/tmp/tmpp2pulp1q/3500004429_100X_20210406-Scene-035-P35-E08_CellNucSegCombined.ome.tiff"",""file_type"":""image"",""file_name"":""3500004429_100X_20210406-Scene-035-P35-E08_CellNucSegCombined.ome.tiff"",""job_id"":""71c1c2f46b1c4b4589efd51d12a5abc6"",""file_id"":""406a3e2b57a6427d88e2d9955480f089"",""sha256"":""0e9b3b514cfe237a313bc84fc4cdf5530767e7811c4b6e8d77fab26b0b1a247b"",""md5"":""12f996cff072f74d73689d7f44673092"",""file_size"":953132,""read_path"":""/allen/programs/allencell/data/proj0/089/80f/554/d99/8e2/7d8/642/57a/e2b/6a3/40/3500004429_100X_20210406-Scene-035-P35-E08_CellNucSegCombined.ome.tiff""},""provenance"":{""input_files"":[""a8b331fca72346ecb3b9a33d3b1d7df9""],""algorithm_version"":""0.1.0"",""algorithm"":""dna_cell_segmentation_ML_v1""},""content_processing"":{""channels"":{""0"":{""processing_date"":""2021-05-13T23:41:50Z"",""run_id"":81162,""content_type"":""Nucleus segmentation"",""algorithm_version"":""0.1.0"",""algorithm"":""dna_cell_segmentation_ML_v1"",""content_type_id"":16,""algorithm_id"":124,""algorithm_info"":""dna_cell_segmentation_ML_v1-0.1.0""},""1"":{""processing_date"":""2021-05-13T23:41:50Z"",""run_id"":81162,""content_type"":""Membrane segmentation"",""algorithm_version"":""0.1.0"",""algorithm"":""dna_cell_segmentation_ML_v1"",""content_type_id"":17,""algorithm_id"":124,""algorithm_info"":""dna_cell_segmentation_ML_v1-0.1.0""},""2"":{""processing_date"":""2021-05-13T23:41:50Z"",""run_id"":81162,""content_type"":""Nucleus contour"",""algorithm_version"":""0.1.0"",""algorithm"":""dna_cell_segmentation_ML_v1"",""content_type_id"":19,""algorithm_id"":124,""algorithm_info"":""dna_cell_segmentation_ML_v1-0.1.0""},""3"":{""processing_date"":""2021-05-13T23:41:50Z"",""run_id"":81162,""content_type"":""Membrane contour"",""algorithm_version"":""0.1.0"",""algorithm"":""dna_cell_segmentation_ML_v1"",""content_type_id"":21,""algorithm_id"":124,""algorithm_info"":""dna_cell_segmentation_ML_v1-0.1.0""}},""cell_ids"":[1042974,1042975,1042976,1042977,1042978,1042979,1042980,1042981,1042982,1042983,1042984,1042985,1042986,1042987,1042988,1042989,1042990,1042991,1042992,1042993,1042994,1042995,1042996,1042997,1042998]},""microscopy"":{""qc"":""passed"",""plate_barcode"":""3500004429"",""plate_id"":6869,""imaging_date"":""2021-04-06T18:35:13Z"",""fov"":{""position_x"":67491.853,""position_y"":40720.759,""position_z"":8754.821,""acquisition_date"":""2021-04-06T18:35:13Z""},""well_name"":""E8"",""fov_id"":165546,""objective"":100,""well_id"":340468},""cell"":{""protocol"":{""name"":""Single Gene HDR Edit"",""protocol_id"":3,""cell_population_table_name"":""StemCellPopulation"",""protocol_group_id"":1},""passage"":35,""stage"":""Clones, final bank"",""population_id"":12632,""line"":""AICS-93"",""stage_id"":8,""edits"":[{""cr_rna_batch"":""TERF2_crRNA-1-B1"",""gene"":""TERF2"",""tag_location_id"":2,""cas9_batch_id"":2,""cas9_id"":1,""fluorescent_protein"":""mEGFP"",""cas9"":""spCas9"",""donor_plasmid_batch"":""TERF2-mEGFP"",""donor_plasmid"":""TERF2-mEGFP"",""donor_plasmid_id"":77,""cas9_batch"":""2017_Batch2"",""donor_plasmid_batch_id"":89,""cr_rna_id"":177,""cr_rna"":""TERF2_crRNA-1"",""cr_rna_batch_id"":192,""fluorescent_protein_id"":2,""gene_id"":61,""tag_location"":""N-terminus""}],""clone"":""25"",""line_id"":98,""parent_cell_population_id"":12621}}"
26823,58117e4b062e436dbeda94f8fbf0c8b7,33:13.0,165549,ZSD-1,/allen/programs/allencell/data/proj0/8b7/f0c/8fb/94f/eda/6db/e43/062/e4b/117/58/3500004429_100X_20210406-alignV2-Scene-033-P33-E08.ome.tiff,E8,3500004429,AICS-93,['Pipeline 4.8'],Mode A,TERF2,3500004429_100X_20210406-Scene-033-P33-E08_CellNucSegCombined.ome.tiff,/allen/programs/allencell/data/proj0/9c9/462/5ab/1db/887/82a/641/d2b/8ca/602/39/3500004429_100X_20210406-Scene-033-P33-E08_CellNucSegCombined.ome.tiff,"{""file"":{""original_path"":""/tmp/tmpxbht2o9a/3500004429_100X_20210406-Scene-033-P33-E08_CellNucSegCombined.ome.tiff"",""file_type"":""image"",""file_name"":""3500004429_100X_20210406-Scene-033-P33-E08_CellNucSegCombined.ome.tiff"",""job_id"":""8c5a984c81be4e44add815f944da0798"",""file_id"":""396028cad2b64182a8871db5ab4629c9"",""sha256"":""151696bcc685570e1c1919167b9704c069710a31f3bb02107e43f5f47fc0f72a"",""md5"":""f4e660cc2d4c76c66a1e3b0ca270a8e6"",""file_size"":1254156,""read_path"":""/allen/programs/allencell/data/proj0/9c9/462/5ab/1db/887/82a/641/d2b/8ca/602/39/3500004429_100X_20210406-Scene-033-P33-E08_CellNucSegCombined.ome.tiff""},""provenance"":{""input_files"":[""58117e4b062e436dbeda94f8fbf0c8b7""],""algorithm_version"":""0.1.0"",""algorithm"":""dna_cell_segmentation_ML_v1""},""content_processing"":{""channels"":{""0"":{""processing_date"":""2021-05-13T23:35:43Z"",""run_id"":81152,""content_type"":""Nucleus segmentation"",""algorithm_version"":""0.1.0"",""algorithm"":""dna_cell_segmentation_ML_v1"",""content_type_id"":16,""algorithm_id"":124,""algorithm_info"":""dna_cell_segmentation_ML_v1-0.1.0""},""1"":{""processing_date"":""2021-05-13T23:35:43Z"",""run_id"":81152,""content_type"":""Membrane segmentation"",""algorithm_version"":""0.1.0"",""algorithm"":""dna_cell_segmentation_ML_v1"",""content_type_id"":17,""algorithm_id"":124,""algorithm_info"":""dna_cell_segmentation_ML_v1-0.1.0""},""2"":{""processing_date"":""2021-05-13T23:35:43Z"",""run_id"":81152,""content_type"":""Nucleus contour"",""algorithm_version"":""0.1.0"",""algorithm"":""dna_cell_segmentation_ML_v1"",""content_type_id"":19,""algorithm_id"":124,""algorithm_info"":""dna_cell_segmentation_ML_v1-0.1.0""},""3"":{""processing_date"":""2021-05-13T23:35:43Z"",""run_id"":81152,""content_type"":""Membrane contour"",""algorithm_version"":""0.1.0"",""algorithm"":""dna_cell_segmentation_ML_v1"",""content_type_id"":21,""algorithm_id"":124,""algorithm_info"":""dna_cell_segmentation_ML_v1-0.1.0""}},""cell_ids"":[1043018,1043019,1043020,1043021,1043022,1043023,1043024,1043025,1043026,1043027,1043028,1043029,1043030,1043031,1043032,1043033,1043034,1043035,1043036,1043037,1043038,1043039,1043040,1043041,1043042,1043043,1043044,1043045,1043046,1043047,1043048,1043049]},""microscopy"":{""qc"":""passed"",""plate_barcode"":""3500004429"",""plate_id"":6869,""imaging_date"":""2021-04-06T18:33:13Z"",""fov"":{""position_x"":66837.484,""position_y"":39710.664,""position_z"":8754.821,""acquisition_date"":""2021-04-06T18:33:13Z""},""well_name"":""E8"",""fov_id"":165549,""objective"":100,""well_id"":340468},""cell"":{""protocol"":{""name"":""Single Gene HDR Edit"",""protocol_id"":3,""cell_population_table_name"":""StemCellPopulation"",""protocol_group_id"":1},""passage"":35,""stage"":""Clones, final bank"",""population_id"":12632,""line"":""AICS-93"",""stage_id"":8,""edits"":[{""cr_rna_batch"":""TERF2_crRNA-1-B1"",""gene"":""TERF2"",""tag_location_id"":2,""cas9_batch_id"":2,""cas9_id"":1,""fluorescent_protein"":""mEGFP"",""cas9"":""spCas9"",""donor_plasmid_batch"":""TERF2-mEGFP"",""donor_plasmid"":""TERF2-mEGFP"",""donor_plasmid_id"":77,""cas9_batch"":""2017_Batch2"",""donor_plasmid_batch_id"":89,""cr_rna_id"":177,""cr_rna"":""TERF2_crRNA-1"",""cr_rna_batch_id"":192,""fluorescent_protein_id"":2,""gene_id"":61,""tag_location"":""N-terminus""}],""clone"":""25"",""line_id"":98,""parent_cell_population_id"":12621}}"
26825,2d74806e762a4f468d37821749e5f5cb,59:26.0,165551,ZSD-1,/allen/programs/allencell/data/proj0/5cb/e5f/749/821/d37/468/a4f/762/06e/748/2d/3500004429_100X_20210406-alignV2-Scene-059-P59-E09.ome.tiff,E9,3500004429,AICS-93,['Pipeline 4.8'],Mode A,TERF2,3500004429_100X_20210406-Scene-059-P59-E09_CellNucSegCombined.ome.tiff,/allen/programs/allencell/data/proj0/302/e7b/958/abd/7af/509/346/182/6b2/a17/bb/3500004429_100X_20210406-Scene-059-P59-E09_CellNucSegCombined.ome.tiff,"{""file"":{""original_path"":""/tmp/tmpxt14q7m3/3500004429_100X_20210406-Scene-059-P59-E09_CellNucSegCombined.ome.tiff"",""file_type"":""image"",""file_name"":""3500004429_100X_20210406-Scene-059-P59-E09_CellNucSegCombined.ome.tiff"",""job_id"":""3c003e1a45b949668c1388232cdfe323"",""file_id"":""bba176b21823465097afabd958e7b302"",""sha256"":""1666fb55cdbc73748bd65ccd7b06a518e4b2a0e1c7f1850a5ecf7b3f192e2df5"",""md5"":""062ca608210a8a856920b9e73871744f"",""file_size"":985292,""read_path"":""/allen/programs/allencell/data/proj0/302/e7b/958/abd/7af/509/346/182/6b2/a17/bb/3500004429_100X_20210406-Scene-059-P59-E09_CellNucSegCombined.ome.tiff""},""provenance"":{""input_files"":[""2d74806e762a4f468d37821749e5f5cb""],""algorithm_version"":""0.1.0"",""algorithm"":""dna_cell_segmentation_ML_v1""},""content_processing"":{""channels"":{""0"":{""processing_date"":""2021-05-13T23:35:55Z"",""run_id"":81153,""content_type"":""Nucleus segmentation"",""algorithm_version"":""0.1.0"",""algorithm"":""dna_cell_segmentation_ML_v1"",""content_type_id"":16,""algorithm_id"":124,""algorithm_info"":""dna_cell_segmentation_ML_v1-0.1.0""},""1"":{""processing_date"":""2021-05-13T23:35:55Z"",""run_id"":81153,""content_type"":""Membrane segmentation"",""algorithm_version"":""0.1.0"",""algorithm"":""dna_cell_segmentation_ML_v1"",""content_type_id"":17,""algorithm_id"":124,""algorithm_info"":""dna_cell_segmentation_ML_v1-0.1.0""},""2"":{""processing_date"":""2021-05-13T23:35:55Z"",""run_id"":81153,""content_type"":""Nucleus contour"",""algorithm_version"":""0.1.0"",""algorithm"":""dna_cell_segmentation_ML_v1"",""content_type_id"":19,""algorithm_id"":124,""algorithm_info"":""dna_cell_segmentation_ML_v1-0.1.0""},""3"":{""processing_date"":""2021-05-13T23:35:55Z"",""run_id"":81153,""content_type"":""Membrane contour"",""algorithm_version"":""0.1.0"",""algorithm"":""dna_cell_segmentation_ML_v1"",""content_type_id"":21,""algorithm_id"":124,""algorithm_info"":""dna_cell_segmentation_ML_v1-0.1.0""}},""cell_ids"":[1043070,1043071,1043072,1043073,1043074,1043075,1043076,1043077,1043078,1043079,1043080,1043081,1043082,1043083,1043084,1043085,1043086,1043087,1043088,1043089,1043090,1043091,1043092,1043093,1043094,1043095]},""microscopy"":{""qc"":""passed"",""plate_barcode"":""3500004429"",""plate_id"":6869,""imaging_date"":""2021-04-06T18:59:26Z"",""fov"":{""position_x"":74462.792,""position_y"":41438.083,""position_z"":8754.280999999999,""acquisition_date"":""2021-04-06T18:59:26Z""},""well_name"":""E9"",""fov_id"":165551,""objective"":100,""well_id"":340469},""cell"":{""protocol"":{""name"":""Single Gene HDR Edit"",""protocol_id"":3,""cell_population_table_name"":""StemCellPopulation"",""protocol_group_id"":1},""passage"":35,""stage"":""Clones, final bank"",""population_id"":12632,""line"":""AICS-93"",""stage_id"":8,""edits"":[{""cr_rna_batch"":""TERF2_crRNA-1-B1"",""gene"":""TERF2"",""tag_location_id"":2,""cas9_batch_id"":2,""cas9_id"":1,""fluorescent_protein"":""mEGFP"",""cas9"":""spCas9"",""donor_plasmid_batch"":""TERF2-mEGFP"",""donor_plasmid"":""TERF2-mEGFP"",""donor_plasmid_id"":77,""cas9_batch"":""2017_Batch2"",""donor_plasmid_batch_id"":89,""cr_rna_id"":177,""cr_rna"":""TERF2_crRNA-1"",""cr_rna_batch_id"":192,""fluorescent_protein_id"":2,""gene_id"":61,""tag_location"":""N-terminus""}],""clone"":""25"",""line_id"":98,""parent_cell_population_id"":12621}}"
26828,a7dcd311148444afa385f1edd81be9fd,29:44.0,165554,ZSD-1,/allen/programs/allencell/data/proj0/9fd/1be/dd8/f1e/385/afa/444/148/311/dcd/a7/3500004429_100X_20210406-alignV2-Scene-089-P89-E10.ome.tiff,E10,3500004429,AICS-93,['Pipeline 4.8'],Mode A,TERF2,3500004429_100X_20210406-Scene-089-P89-E10_CellNucSegCombined.ome.tiff,/allen/programs/allencell/data/proj0/558/f7a/605/e59/e4a/16a/740/fa8/117/c05/9b/3500004429_100X_20210406-Scene-089-P89-E10_CellNucSegCombined.ome.tiff,"{""file"":{""original_path"":""/tmp/tmpckbli9bb/3500004429_100X_20210406-Scene-089-P89-E10_CellNucSegCombined.ome.tiff"",""file_type"":""image"",""file_name"":""3500004429_100X_20210406-Scene-089-P89-E10_CellNucSegCombined.ome.tiff"",""job_id"":""8fcfab658bb8474b8957d9cc9e576a85"",""file_id"":""9bc05117fa874016ae4ae59605f7a558"",""sha256"":""636f987e87ddb44651e2bb29a00683653b424aad02def9bc2e9cedc48b4f2652"",""md5"":""a53624438a971f0e02765749709b4809"",""file_size"":907276,""read_path"":""/allen/programs/allencell/data/proj0/558/f7a/605/e59/e4a/16a/740/fa8/117/c05/9b/3500004429_100X_20210406-Scene-089-P89-E10_CellNucSegCombined.ome.tiff""},""provenance"":{""input_files"":[""a7dcd311148444afa385f1edd81be9fd""],""algorithm_version"":""0.1.0"",""algorithm"":""dna_cell_segmentation_ML_v1""},""content_processing"":{""channels"":{""0"":{""processing_date"":""2021-05-13T23:45:57Z"",""run_id"":81171,""content_type"":""Nucleus segmentation"",""algorithm_version"":""0.1.0"",""algorithm"":""dna_cell_segmentation_ML_v1"",""content_type_id"":16,""algorithm_id"":124,""algorithm_info"":""dna_cell_segmentation_ML_v1-0.1.0""},""1"":{""processing_date"":""2021-05-13T23:45:57Z"",""run_id"":81171,""content_type"":""Membrane segmentation"",""algorithm_version"":""0.1.0"",""algorithm"":""dna_cell_segmentation_ML_v1"",""content_type_id"":17,""algorithm_id"":124,""algorithm_info"":""dna_cell_segmentation_ML_v1-0.1.0""},""2"":{""processing_date"":""2021-05-13T23:45:57Z"",""run_id"":81171,""content_type"":""Nucleus contour"",""algorithm_version"":""0.1.0"",""algorithm"":""dna_cell_segmentation_ML_v1"",""content_type_id"":19,""algorithm_id"":124,""algorithm_info"":""dna_cell_segmentation_ML_v1-0.1.0""},""3"":{""processing_date"":""2021-05-13T23:45:57Z"",""run_id"":81171,""content_type"":""Membrane contour"",""algorithm_version"":""0.1.0"",""algorithm"":""dna_cell_segmentation_ML_v1"",""content_type_id"":21,""algorithm_id"":124,""algorithm_info"":""dna_cell_segmentation_ML_v1-0.1.0""}},""cell_ids"":[1043164,1043165,1043166,1043167,1043168,1043169,1043170,1043171,1043172,1043173,1043174,1043175,1043176,1043177,1043178,1043179,1043180,1043181,1043182]},""microscopy"":{""qc"":""passed"",""plate_barcode"":""3500004429"",""plate_id"":6869,""imaging_date"":""2021-04-06T19:29:44Z"",""fov"":{""position_x"":85100.79199999999,""position_y"":38166.417,""position_z"":8742.294,""acquisition_date"":""2021-04-06T19:29:44Z""},""well_name"":""E10"",""fov_id"":165554,""objective"":100,""well_id"":340470},""cell"":{""protocol"":{""name"":""Single Gene HDR Edit"",""protocol_id"":3,""cell_population_table_name"":""StemCellPopulation"",""protocol_group_id"":1},""passage"":35,""stage"":""Clones, final bank"",""population_id"":12632,""line"":""AICS-93"",""stage_id"":8,""edits"":[{""cr_rna_batch"":""TERF2_crRNA-1-B1"",""gene"":""TERF2"",""tag_location_id"":2,""cas9_batch_id"":2,""cas9_id"":1,""fluorescent_protein"":""mEGFP"",""cas9"":""spCas9"",""donor_plasmid_batch"":""TERF2-mEGFP"",""donor_plasmid"":""TERF2-mEGFP"",""donor_plasmid_id"":77,""cas9_batch"":""2017_Batch2"",""donor_plasmid_batch_id"":89,""cr_rna_id"":177,""cr_rna"":""TERF2_crRNA-1"",""cr_rna_batch_id"":192,""fluorescent_protein_id"":2,""gene_id"":61,""tag_location"":""N-terminus""}],""clone"":""25"",""line_id"":98,""parent_cell_population_id"":12621}}"
26830,451c8a5f3d184c5ea012094c88ebd5ae,31:46.0,165556,ZSD-1,/allen/programs/allencell/data/proj0/5ae/ebd/c88/094/012/5ea/84c/3d1/a5f/1c8/45/3500004429_100X_20210406-alignV2-Scene-091-P91-E10.ome.tiff,E10,3500004429,AICS-93,['Pipeline 4.8'],Mode A,TERF2,3500004429_100X_20210406-Scene-091-P91-E10_CellNucSegCombined.ome.tiff,/allen/programs/allencell/data/proj0/d27/c7f/5e0/99e/b22/469/e48/8c0/2e0/2bc/c1/3500004429_100X_20210406-Scene-091-P91-E10_CellNucSegCombined.ome.tiff,"{""file"":{""original_path"":""/tmp/tmp06hlczr8/3500004429_100X_20210406-Scene-091-P91-E10_CellNucSegCombined.ome.tiff"",""file_type"":""image"",""file_name"":""3500004429_100X_20210406-Scene-091-P91-E10_CellNucSegCombined.ome.tiff"",""job_id"":""da402dc96d994d63a45f47b94b87c536"",""file_id"":""c12bc2e08c0e48469b2299e5e0c7fd27"",""sha256"":""18d352c1e6eb625669fadfd2135db6aa1dcefb92ed4e7dcecb1b78068f288f70"",""md5"":""bb4d1c8249037e3dd34c764513b083cb"",""file_size"":991996,""read_path"":""/allen/programs/allencell/data/proj0/d27/c7f/5e0/99e/b22/469/e48/8c0/2e0/2bc/c1/3500004429_100X_20210406-Scene-091-P91-E10_CellNucSegCombined.ome.tiff""},""provenance"":{""input_files"":[""451c8a5f3d184c5ea012094c88ebd5ae""],""algorithm_version"":""0.1.0"",""algorithm"":""dna_cell_segmentation_ML_v1""},""content_processing"":{""channels"":{""0"":{""processing_date"":""2021-05-13T23:56:08Z"",""run_id"":81190,""content_type"":""Nucleus segmentation"",""algorithm_version"":""0.1.0"",""algorithm"":""dna_cell_segmentation_ML_v1"",""content_type_id"":16,""algorithm_id"":124,""algorithm_info"":""dna_cell_segmentation_ML_v1-0.1.0""},""1"":{""processing_date"":""2021-05-13T23:56:08Z"",""run_id"":81190,""content_type"":""Membrane segmentation"",""algorithm_version"":""0.1.0"",""algorithm"":""dna_cell_segmentation_ML_v1"",""content_type_id"":17,""algorithm_id"":124,""algorithm_info"":""dna_cell_segmentation_ML_v1-0.1.0""},""2"":{""processing_date"":""2021-05-13T23:56:08Z"",""run_id"":81190,""content_type"":""Nucleus contour"",""algorithm_version"":""0.1.0"",""algorithm"":""dna_cell_segmentation_ML_v1"",""content_type_id"":19,""algorithm_id"":124,""algorithm_info"":""dna_cell_segmentation_ML_v1-0.1.0""},""3"":{""processing_date"":""2021-05-13T23:56:08Z"",""run_id"":81190,""content_type"":""Membrane contour"",""algorithm_version"":""0.1.0"",""algorithm"":""dna_cell_segmentation_ML_v1"",""content_type_id"":21,""algorithm_id"":124,""algorithm_info"":""dna_cell_segmentation_ML_v1-0.1.0""}},""cell_ids"":[1043216,1043217,1043218,1043219,1043220,1043221,1043222,1043223,1043224,1043225,1043226,1043227,1043228,1043229,1043230,1043231,1043232,1043233,1043234,1043235,1043236,1043237,1043238,1043239,1043240,1043241]},""microscopy"":{""qc"":""passed"",""plate_barcode"":""3500004429"",""plate_id"":6869,""imaging_date"":""2021-04-06T19:31:46Z"",""fov"":{""position_x"":83835.458,""position_y"":37689.75,""position_z"":8745.196,""acquisition_date"":""2021-04-06T19:31:46Z""},""well_name"":""E10"",""fov_id"":165556,""objective"":100,""well_id"":340470},""cell"":{""protocol"":{""name"":""Single Gene HDR Edit"",""protocol_id"":3,""cell_population_table_name"":""StemCellPopulation"",""protocol_group_id"":1},""passage"":35,""stage"":""Clones, final bank"",""population_id"":12632,""line"":""AICS-93"",""stage_id"":8,""edits"":[{""cr_rna_batch"":""TERF2_crRNA-1-B1"",""gene"":""TERF2"",""tag_location_id"":2,""cas9_batch_id"":2,""cas9_id"":1,""fluorescent_protein"":""mEGFP"",""cas9"":""spCas9"",""donor_plasmid_batch"":""TERF2-mEGFP"",""donor_plasmid"":""TERF2-mEGFP"",""donor_plasmid_id"":77,""cas9_batch"":""2017_Batch2"",""donor_plasmid_batch_id"":89,""cr_rna_id"":177,""cr_rna"":""TERF2_crRNA-1"",""cr_rna_batch_id"":192,""fluorescent_protein_id"":2,""gene_id"":61,""tag_location"":""N-terminus""}],""clone"":""25"",""line_id"":98,""parent_cell_population_id"":12621}}"
26831,c83404614c6246968fd89736a05646d9,30:44.0,165557,ZSD-1,/allen/programs/allencell/data/proj0/6d9/564/6a0/973/fd8/968/246/4c6/461/340/c8/3500004429_100X_20210406-alignV2-Scene-090-P90-E10.ome.tiff,E10,3500004429,AICS-93,['Pipeline 4.8'],Mode A,TERF2,3500004429_100X_20210406-Scene-090-P90-E10_CellNucSegCombined.ome.tiff,/allen/programs/allencell/data/proj0/d3b/d52/149/66d/4e9/f6a/e4d/7be/f69/c78/dc/3500004429_100X_20210406-Scene-090-P90-E10_CellNucSegCombined.ome.tiff,"{""file"":{""original_path"":""/tmp/tmpmc3xprs3/3500004429_100X_20210406-Scene-090-P90-E10_CellNucSegCombined.ome.tiff"",""file_type"":""image"",""file_name"":""3500004429_100X_20210406-Scene-090-P90-E10_CellNucSegCombined.ome.tiff"",""job_id"":""0da9e836dff54e9e95fd78fae93d76b0"",""file_id"":""dcc78f697bee4df6a4e966d149d52d3b"",""sha256"":""6e3e649644ebf50122039d860a0462eea7950517790e433e550b24c2ee706da2"",""md5"":""20aa1c8e57f34e06b61cb0c4622adf58"",""file_size"":1329724,""read_path"":""/allen/programs/allencell/data/proj0/d3b/d52/149/66d/4e9/f6a/e4d/7be/f69/c78/dc/3500004429_100X_20210406-Scene-090-P90-E10_CellNucSegCombined.ome.tiff""},""provenance"":{""input_files"":[""c83404614c6246968fd89736a05646d9""],""algorithm_version"":""0.1.0"",""algorithm"":""dna_cell_segmentation_ML_v1""},""content_processing"":{""channels"":{""0"":{""processing_date"":""2021-05-14T00:16:34Z"",""run_id"":81227,""content_type"":""Nucleus segmentation"",""algorithm_version"":""0.1.0"",""algorithm"":""dna_cell_segmentation_ML_v1"",""content_type_id"":16,""algorithm_id"":124,""algorithm_info"":""dna_cell_segmentation_ML_v1-0.1.0""},""1"":{""processing_date"":""2021-05-14T00:16:34Z"",""run_id"":81227,""content_type"":""Membrane segmentation"",""algorithm_version"":""0.1.0"",""algorithm"":""dna_cell_segmentation_ML_v1"",""content_type_id"":17,""algorithm_id"":124,""algorithm_info"":""dna_cell_segmentation_ML_v1-0.1.0""},""2"":{""processing_date"":""2021-05-14T00:16:34Z"",""run_id"":81227,""content_type"":""Nucleus contour"",""algorithm_version"":""0.1.0"",""algorithm"":""dna_cell_segmentation_ML_v1"",""content_type_id"":19,""algorithm_id"":124,""algorithm_info"":""dna_cell_segmentation_ML_v1-0.1.0""},""3"":{""processing_date"":""2021-05-14T00:16:34Z"",""run_id"":81227,""content_type"":""Membrane contour"",""algorithm_version"":""0.1.0"",""algorithm"":""dna_cell_segmentation_ML_v1"",""content_type_id"":21,""algorithm_id"":124,""algorithm_info"":""dna_cell_segmentation_ML_v1-0.1.0""}},""cell_ids"":[1043242,1043243,1043244,1043245,1043246,1043247,1043248,1043249,1043250,1043251,1043252,1043253,1043254,1043255,1043256,1043257,1043258,1043259,1043260,1043261,1043262,1043263,1043264,1043265,1043266,1043267,1043268,1043269,1043270,1043271,1043272,1043273,1043274,1043275,1043276,1043277,1043278]},""microscopy"":{""qc"":""passed"",""plate_barcode"":""3500004429"",""plate_id"":6869,""imaging_date"":""2021-04-06T19:30:44Z"",""fov"":{""position_x"":82734.792,""position_y"":41438.083,""position_z"":8742.294,""acquisition_date"":""2021-04-06T19:30:44Z""},""well_name"":""E10"",""fov_id"":165557,""objective"":100,""well_id"":340470},""cell"":{""protocol"":{""name"":""Single Gene HDR Edit"",""protocol_id"":3,""cell_population_table_name"":""StemCellPopulation"",""protocol_group_id"":1},""passage"":35,""stage"":""Clones, final bank"",""population_id"":12632,""line"":""AICS-93"",""stage_id"":8,""edits"":[{""cr_rna_batch"":""TERF2_crRNA-1-B1"",""gene"":""TERF2"",""tag_location_id"":2,""cas9_batch_id"":2,""cas9_id"":1,""fluorescent_protein"":""mEGFP"",""cas9"":""spCas9"",""donor_plasmid_batch"":""TERF2-mEGFP"",""donor_plasmid"":""TERF2-mEGFP"",""donor_plasmid_id"":77,""cas9_batch"":""2017_Batch2"",""donor_plasmid_batch_id"":89,""cr_rna_id"":177,""cr_rna"":""TERF2_crRNA-1"",""cr_rna_batch_id"":192,""fluorescent_protein_id"":2,""gene_id"":61,""tag_location"":""N-terminus""}],""clone"":""25"",""line_id"":98,""parent_cell_population_id"":12621}}"
26835,dbc946c4047f4e3b8c2197994c612b44,26:11.0,165561,ZSD-1,/allen/programs/allencell/data/proj0/b44/612/94c/979/c21/3b8/f4e/047/6c4/c94/db/3500004429_100X_20210406-alignV2-Scene-026-P26-E08.ome.tiff,E8,3500004429,AICS-93,['Pipeline 4.8'],Mode A,TERF2,3500004429_100X_20210406-Scene-026-P26-E08_CellNucSegCombined.ome.tiff,/allen/programs/allencell/data/proj0/4a8/1a8/35b/193/ce4/b78/34c/4e8/0fb/252/f9/3500004429_100X_20210406-Scene-026-P26-E08_CellNucSegCombined.ome.tiff,"{""file"":{""original_path"":""/tmp/tmpbuo06kue/3500004429_100X_20210406-Scene-026-P26-E08_CellNucSegCombined.ome.tiff"",""file_type"":""image"",""file_name"":""3500004429_100X_20210406-Scene-026-P26-E08_CellNucSegCombined.ome.tiff"",""job_id"":""14961002d3094b6e8f37054266aeb28c"",""file_id"":""f92520fb4e834cb78ce419335b1a84a8"",""sha256"":""40dfcaf8cc19202cfc439b63942c369c114b9141b1246a3036d2d9d74336cc1c"",""md5"":""e885316370fbd35b61f8c34709cf4891"",""file_size"":1209372,""read_path"":""/allen/programs/allencell/data/proj0/4a8/1a8/35b/193/ce4/b78/34c/4e8/0fb/252/f9/3500004429_100X_20210406-Scene-026-P26-E08_CellNucSegCombined.ome.tiff""},""provenance"":{""input_files"":[""dbc946c4047f4e3b8c2197994c612b44""],""algorithm_version"":""0.1.0"",""algorithm"":""dna_cell_segmentation_ML_v1""},""content_processing"":{""channels"":{""0"":{""processing_date"":""2021-05-14T00:12:38Z"",""run_id"":81221,""content_type"":""Nucleus segmentation"",""algorithm_version"":""0.1.0"",""algorithm"":""dna_cell_segmentation_ML_v1"",""content_type_id"":16,""algorithm_id"":124,""algorithm_info"":""dna_cell_segmentation_ML_v1-0.1.0""},""1"":{""processing_date"":""2021-05-14T00:12:38Z"",""run_id"":81221,""content_type"":""Membrane segmentation"",""algorithm_version"":""0.1.0"",""algorithm"":""dna_cell_segmentation_ML_v1"",""content_type_id"":17,""algorithm_id"":124,""algorithm_info"":""dna_cell_segmentation_ML_v1-0.1.0""},""2"":{""processing_date"":""2021-05-14T00:12:38Z"",""run_id"":81221,""content_type"":""Nucleus contour"",""algorithm_version"":""0.1.0"",""algorithm"":""dna_cell_segmentation_ML_v1"",""content_type_id"":19,""algorithm_id"":124,""algorithm_info"":""dna_cell_segmentation_ML_v1-0.1.0""},""3"":{""processing_date"":""2021-05-14T00:12:38Z"",""run_id"":81221,""content_type"":""Membrane contour"",""algorithm_version"":""0.1.0"",""algorithm"":""dna_cell_segmentation_ML_v1"",""content_type_id"":21,""algorithm_id"":124,""algorithm_info"":""dna_cell_segmentation_ML_v1-0.1.0""}},""cell_ids"":[1043357,1043358,1043359,1043360,1043361,1043362,1043363,1043364,1043365,1043366,1043367,1043368,1043369,1043370,1043371,1043372,1043373,1043374,1043375,1043376,1043377,1043378,1043379,1043380,1043381,1043382,1043383,1043384,1043385,1043386,1043387,1043388]},""microscopy"":{""qc"":""passed"",""plate_barcode"":""3500004429"",""plate_id"":6869,""imaging_date"":""2021-04-06T18:26:11Z"",""fov"":{""position_x"":65818.125,""position_y"":39570.417,""position_z"":8755.92,""acquisition_date"":""2021-04-06T18:26:11Z""},""well_name"":""E8"",""fov_id"":165561,""objective"":100,""well_id"":340468},""cell"":{""protocol"":{""name"":""Single Gene HDR Edit"",""protocol_id"":3,""cell_population_table_name"":""StemCellPopulation"",""protocol_group_id"":1},""passage"":35,""stage"":""Clones, final bank"",""population_id"":12632,""line"":""AICS-93"",""stage_id"":8,""edits"":[{""cr_rna_batch"":""TERF2_crRNA-1-B1"",""gene"":""TERF2"",""tag_location_id"":2,""cas9_batch_id"":2,""cas9_id"":1,""fluorescent_protein"":""mEGFP"",""cas9"":""spCas9"",""donor_plasmid_batch"":""TERF2-mEGFP"",""donor_plasmid"":""TERF2-mEGFP"",""donor_plasmid_id"":77,""cas9_batch"":""2017_Batch2"",""donor_plasmid_batch_id"":89,""cr_rna_id"":177,""cr_rna"":""TERF2_crRNA-1"",""cr_rna_batch_id"":192,""fluorescent_protein_id"":2,""gene_id"":61,""tag_location"":""N-terminus""}],""clone"":""25"",""line_id"":98,""parent_cell_population_id"":12621}}"
26841,fa60446017304e76aeda2d3eab7b8934,32:14.0,165567,ZSD-1,/allen/programs/allencell/data/proj0/934/7b8/eab/2d3/eda/76a/04e/173/460/604/fa/3500004429_100X_20210406-alignV2-Scene-032-P32-E08.ome.tiff,E8,3500004429,AICS-93,['Pipeline 4.8'],Mode A,TERF2,3500004429_100X_20210406-Scene-032-P32-E08_CellNucSegCombined.ome.tiff,/allen/programs/allencell/data/proj0/073/f53/347/efb/6c8/56b/747/970/cd5/77f/7e/3500004429_100X_20210406-Scene-032-P32-E08_CellNucSegCombined.ome.tiff,"{""file"":{""original_path"":""/tmp/tmpev5zuplp/3500004429_100X_20210406-Scene-032-P32-E08_CellNucSegCombined.ome.tiff"",""file_type"":""image"",""file_name"":""3500004429_100X_20210406-Scene-032-P32-E08_CellNucSegCombined.ome.tiff"",""job_id"":""422d254d802947cc921c4ba1c1f477b2"",""file_id"":""7e77fcd597074756b6c8efb347f53073"",""sha256"":""eb1d5072bf776d27db36ffaf7db4eca2966ddaa723c13dcdb3c313fd32fb05d1"",""md5"":""279f5585fadf171d0cfde214607c1847"",""file_size"":1192204,""read_path"":""/allen/programs/allencell/data/proj0/073/f53/347/efb/6c8/56b/747/970/cd5/77f/7e/3500004429_100X_20210406-Scene-032-P32-E08_CellNucSegCombined.ome.tiff""},""provenance"":{""input_files"":[""fa60446017304e76aeda2d3eab7b8934""],""algorithm_version"":""0.1.0"",""algorithm"":""dna_cell_segmentation_ML_v1""},""content_processing"":{""channels"":{""0"":{""processing_date"":""2021-05-13T23:43:13Z"",""run_id"":81166,""content_type"":""Nucleus segmentation"",""algorithm_version"":""0.1.0"",""algorithm"":""dna_cell_segmentation_ML_v1"",""content_type_id"":16,""algorithm_id"":124,""algorithm_info"":""dna_cell_segmentation_ML_v1-0.1.0""},""1"":{""processing_date"":""2021-05-13T23:43:13Z"",""run_id"":81166,""content_type"":""Membrane segmentation"",""algorithm_version"":""0.1.0"",""algorithm"":""dna_cell_segmentation_ML_v1"",""content_type_id"":17,""algorithm_id"":124,""algorithm_info"":""dna_cell_segmentation_ML_v1-0.1.0""},""2"":{""processing_date"":""2021-05-13T23:43:13Z"",""run_id"":81166,""content_type"":""Nucleus contour"",""algorithm_version"":""0.1.0"",""algorithm"":""dna_cell_segmentation_ML_v1"",""content_type_id"":19,""algorithm_id"":124,""algorithm_info"":""dna_cell_segmentation_ML_v1-0.1.0""},""3"":{""processing_date"":""2021-05-13T23:43:13Z"",""run_id"":81166,""content_type"":""Membrane contour"",""algorithm_version"":""0.1.0"",""algorithm"":""dna_cell_segmentation_ML_v1"",""content_type_id"":21,""algorithm_id"":124,""algorithm_info"":""dna_cell_segmentation_ML_v1-0.1.0""}},""cell_ids"":[1043487,1043488,1043489,1043490,1043491,1043492,1043493,1043494,1043495,1043496,1043497,1043498,1043499,1043500,1043501,1043502,1043503,1043504,1043505,1043506,1043507,1043508,1043509,1043510,1043511,1043512,1043513,1043514,1043515,1043516,1043517,1043518]},""microscopy"":{""qc"":""passed"",""plate_barcode"":""3500004429"",""plate_id"":6869,""imaging_date"":""2021-04-06T18:32:14Z"",""fov"":{""position_x"":65493.918,""position_y"":42097.46,""position_z"":8754.821,""acquisition_date"":""2021-04-06T18:32:14Z""},""well_name"":""E8"",""fov_id"":165567,""objective"":100,""well_id"":340468},""cell"":{""protocol"":{""name"":""Single Gene HDR Edit"",""protocol_id"":3,""cell_population_table_name"":""StemCellPopulation"",""protocol_group_id"":1},""passage"":35,""stage"":""Clones, final bank"",""population_id"":12632,""line"":""AICS-93"",""stage_id"":8,""edits"":[{""cr_rna_batch"":""TERF2_crRNA-1-B1"",""gene"":""TERF2"",""tag_location_id"":2,""cas9_batch_id"":2,""cas9_id"":1,""fluorescent_protein"":""mEGFP"",""cas9"":""spCas9"",""donor_plasmid_batch"":""TERF2-mEGFP"",""donor_plasmid"":""TERF2-mEGFP"",""donor_plasmid_id"":77,""cas9_batch"":""2017_Batch2"",""donor_plasmid_batch_id"":89,""cr_rna_id"":177,""cr_rna"":""TERF2_crRNA-1"",""cr_rna_batch_id"":192,""fluorescent_protein_id"":2,""gene_id"":61,""tag_location"":""N-terminus""}],""clone"":""25"",""line_id"":98,""parent_cell_population_id"":12621}}"
26842,2f603bb99a5b4a9a81948fd596b5ea84,30:11.0,165568,ZSD-1,/allen/programs/allencell/data/proj0/a84/b5e/596/8fd/194/9a8/b4a/9a5/bb9/603/2f/3500004429_100X_20210406-alignV2-Scene-030-P30-E08.ome.tiff,E8,3500004429,AICS-93,['Pipeline 4.8'],Mode A,TERF2,3500004429_100X_20210406-Scene-030-P30-E08_CellNucSegCombined.ome.tiff,/allen/programs/allencell/data/proj0/e24/7ba/904/9a7/2a5/ceb/e4f/0a6/6eb/d3a/50/3500004429_100X_20210406-Scene-030-P30-E08_CellNucSegCombined.ome.tiff,"{""file"":{""original_path"":""/tmp/tmpwxp6btdc/3500004429_100X_20210406-Scene-030-P30-E08_CellNucSegCombined.ome.tiff"",""file_type"":""image"",""file_name"":""3500004429_100X_20210406-Scene-030-P30-E08_CellNucSegCombined.ome.tiff"",""job_id"":""f5597e274d00498e9fe886ab958ecde2"",""file_id"":""50d3a6eb0a6e4fceb2a59a79047bae24"",""sha256"":""23e83c96e7587070be098d98bdd397eced9aaa32e2bd1a6076b92a501fb060f2"",""md5"":""f904c0161b6aefa2d5137995eb5986bf"",""file_size"":1047788,""read_path"":""/allen/programs/allencell/data/proj0/e24/7ba/904/9a7/2a5/ceb/e4f/0a6/6eb/d3a/50/3500004429_100X_20210406-Scene-030-P30-E08_CellNucSegCombined.ome.tiff""},""provenance"":{""input_files"":[""2f603bb99a5b4a9a81948fd596b5ea84""],""algorithm_version"":""0.1.0"",""algorithm"":""dna_cell_segmentation_ML_v1""},""content_processing"":{""channels"":{""0"":{""processing_date"":""2021-05-13T23:55:11Z"",""run_id"":81186,""content_type"":""Nucleus segmentation"",""algorithm_version"":""0.1.0"",""algorithm"":""dna_cell_segmentation_ML_v1"",""content_type_id"":16,""algorithm_id"":124,""algorithm_info"":""dna_cell_segmentation_ML_v1-0.1.0""},""1"":{""processing_date"":""2021-05-13T23:55:11Z"",""run_id"":81186,""content_type"":""Membrane segmentation"",""algorithm_version"":""0.1.0"",""algorithm"":""dna_cell_segmentation_ML_v1"",""content_type_id"":17,""algorithm_id"":124,""algorithm_info"":""dna_cell_segmentation_ML_v1-0.1.0""},""2"":{""processing_date"":""2021-05-13T23:55:11Z"",""run_id"":81186,""content_type"":""Nucleus contour"",""algorithm_version"":""0.1.0"",""algorithm"":""dna_cell_segmentation_ML_v1"",""content_type_id"":19,""algorithm_id"":124,""algorithm_info"":""dna_cell_segmentation_ML_v1-0.1.0""},""3"":{""processing_date"":""2021-05-13T23:55:11Z"",""run_id"":81186,""content_type"":""Membrane contour"",""algorithm_version"":""0.1.0"",""algorithm"":""dna_cell_segmentation_ML_v1"",""content_type_id"":21,""algorithm_id"":124,""algorithm_info"":""dna_cell_segmentation_ML_v1-0.1.0""}},""cell_ids"":[1043519,1043520,1043521,1043522,1043523,1043524,1043525,1043526,1043527,1043528,1043529,1043530,1043531,1043532,1043533,1043534,1043535,1043536,1043537,1043538,1043539,1043540,1043541,1043542,1043543,1043544,1043545,1043546,1043547,1043548,1043549]},""microscopy"":{""qc"":""passed"",""plate_barcode"":""3500004429"",""plate_id"":6869,""imaging_date"":""2021-04-06T18:30:11Z"",""fov"":{""position_x"":64752.125,""position_y"":41867.083,""position_z"":8755.92,""acquisition_date"":""2021-04-06T18:30:11Z""},""well_name"":""E8"",""fov_id"":165568,""objective"":100,""well_id"":340468},""cell"":{""protocol"":{""name"":""Single Gene HDR Edit"",""protocol_id"":3,""cell_population_table_name"":""StemCellPopulation"",""protocol_group_id"":1},""passage"":35,""stage"":""Clones, final bank"",""population_id"":12632,""line"":""AICS-93"",""stage_id"":8,""edits"":[{""cr_rna_batch"":""TERF2_crRNA-1-B1"",""gene"":""TERF2"",""tag_location_id"":2,""cas9_batch_id"":2,""cas9_id"":1,""fluorescent_protein"":""mEGFP"",""cas9"":""spCas9"",""donor_plasmid_batch"":""TERF2-mEGFP"",""donor_plasmid"":""TERF2-mEGFP"",""donor_plasmid_id"":77,""cas9_batch"":""2017_Batch2"",""donor_plasmid_batch_id"":89,""cr_rna_id"":177,""cr_rna"":""TERF2_crRNA-1"",""cr_rna_batch_id"":192,""fluorescent_protein_id"":2,""gene_id"":61,""tag_location"":""N-terminus""}],""clone"":""25"",""line_id"":98,""parent_cell_population_id"":12621}}"
26845,e9903046a0734607b652e79056615f57,34:46.0,165571,ZSD-1,/allen/programs/allencell/data/proj0/f57/615/056/e79/652/07b/346/a07/046/903/e9/3500004429_100X_20210406-alignV2-Scene-094-P94-E10.ome.tiff,E10,3500004429,AICS-93,['Pipeline 4.8'],Mode A,TERF2,3500004429_100X_20210406-Scene-094-P94-E10_CellNucSegCombined.ome.tiff,/allen/programs/allencell/data/proj0/5aa/8f7/325/b0c/9b9/809/24a/68e/b68/c15/6d/3500004429_100X_20210406-Scene-094-P94-E10_CellNucSegCombined.ome.tiff,"{""file"":{""original_path"":""/tmp/tmp8y5f1c66/3500004429_100X_20210406-Scene-094-P94-E10_CellNucSegCombined.ome.tiff"",""file_type"":""image"",""file_name"":""3500004429_100X_20210406-Scene-094-P94-E10_CellNucSegCombined.ome.tiff"",""job_id"":""14d272ca7d9249cbb92f17e6f5c0c8b5"",""file_id"":""6dc15b6868e24a8099b9b0c3258f75aa"",""sha256"":""d373cf62676fec809646ce16117e2d4084b7f77e9666e40eecf4ced8bee4c899"",""md5"":""0e928cd7f2c7ad567d9596a962062c51"",""file_size"":913980,""read_path"":""/allen/programs/allencell/data/proj0/5aa/8f7/325/b0c/9b9/809/24a/68e/b68/c15/6d/3500004429_100X_20210406-Scene-094-P94-E10_CellNucSegCombined.ome.tiff""},""provenance"":{""input_files"":[""e9903046a0734607b652e79056615f57""],""algorithm_version"":""0.1.0"",""algorithm"":""dna_cell_segmentation_ML_v1""},""content_processing"":{""channels"":{""0"":{""processing_date"":""2021-05-14T00:17:10Z"",""run_id"":81229,""content_type"":""Nucleus segmentation"",""algorithm_version"":""0.1.0"",""algorithm"":""dna_cell_segmentation_ML_v1"",""content_type_id"":16,""algorithm_id"":124,""algorithm_info"":""dna_cell_segmentation_ML_v1-0.1.0""},""1"":{""processing_date"":""2021-05-14T00:17:10Z"",""run_id"":81229,""content_type"":""Membrane segmentation"",""algorithm_version"":""0.1.0"",""algorithm"":""dna_cell_segmentation_ML_v1"",""content_type_id"":17,""algorithm_id"":124,""algorithm_info"":""dna_cell_segmentation_ML_v1-0.1.0""},""2"":{""processing_date"":""2021-05-14T00:17:10Z"",""run_id"":81229,""content_type"":""Nucleus contour"",""algorithm_version"":""0.1.0"",""algorithm"":""dna_cell_segmentation_ML_v1"",""content_type_id"":19,""algorithm_id"":124,""algorithm_info"":""dna_cell_segmentation_ML_v1-0.1.0""},""3"":{""processing_date"":""2021-05-14T00:17:10Z"",""run_id"":81229,""content_type"":""Membrane contour"",""algorithm_version"":""0.1.0"",""algorithm"":""dna_cell_segmentation_ML_v1"",""content_type_id"":21,""algorithm_id"":124,""algorithm_info"":""dna_cell_segmentation_ML_v1-0.1.0""}},""cell_ids"":[1043610,1043611,1043612,1043613,1043614,1043615,1043616,1043617,1043618,1043619,1043620,1043621,1043622,1043623,1043624,1043625,1043626,1043627,1043628,1043629,1043630]},""microscopy"":{""qc"":""passed"",""plate_barcode"":""3500004429"",""plate_id"":6869,""imaging_date"":""2021-04-06T19:34:46Z"",""fov"":{""position_x"":85031.75099999999,""position_y"":41222.809,""position_z"":8745.196,""acquisition_date"":""2021-04-06T19:34:46Z""},""well_name"":""E10"",""fov_id"":165571,""objective"":100,""well_id"":340470},""cell"":{""protocol"":{""name"":""Single Gene HDR Edit"",""protocol_id"":3,""cell_population_table_name"":""StemCellPopulation"",""protocol_group_id"":1},""passage"":35,""stage"":""Clones, final bank"",""population_id"":12632,""line"":""AICS-93"",""stage_id"":8,""edits"":[{""cr_rna_batch"":""TERF2_crRNA-1-B1"",""gene"":""TERF2"",""tag_location_id"":2,""cas9_batch_id"":2,""cas9_id"":1,""fluorescent_protein"":""mEGFP"",""cas9"":""spCas9"",""donor_plasmid_batch"":""TERF2-mEGFP"",""donor_plasmid"":""TERF2-mEGFP"",""donor_plasmid_id"":77,""cas9_batch"":""2017_Batch2"",""donor_plasmid_batch_id"":89,""cr_rna_id"":177,""cr_rna"":""TERF2_crRNA-1"",""cr_rna_batch_id"":192,""fluorescent_protein_id"":2,""gene_id"":61,""tag_location"":""N-terminus""}],""clone"":""25"",""line_id"":98,""parent_cell_population_id"":12621}}"
26846,d5e81b946cde48bf9437fed8ed2d4b66,56:26.0,165572,ZSD-1,/allen/programs/allencell/data/proj0/b66/2d4/8ed/fed/437/bf9/e48/6cd/b94/e81/d5/3500004429_100X_20210406-alignV2-Scene-056-P56-E09.ome.tiff,E9,3500004429,AICS-93,['Pipeline 4.8'],Mode A,TERF2,3500004429_100X_20210406-Scene-056-P56-E09_CellNucSegCombined.ome.tiff,/allen/programs/allencell/data/proj0/489/40e/619/7ce/821/1a9/d47/4b0/da6/391/71/3500004429_100X_20210406-Scene-056-P56-E09_CellNucSegCombined.ome.tiff,"{""file"":{""original_path"":""/tmp/tmp904dru_7/3500004429_100X_20210406-Scene-056-P56-E09_CellNucSegCombined.ome.tiff"",""file_type"":""image"",""file_name"":""3500004429_100X_20210406-Scene-056-P56-E09_CellNucSegCombined.ome.tiff"",""job_id"":""7ca7ba967abe4963a7823196f47616ab"",""file_id"":""71391da64b0d471a98217ce61940e489"",""sha256"":""38d0624278f2ee20f9d2e32425e1a68714ccb128be451d87872fd6ba11f91ea2"",""md5"":""789dab94c217f0394439ebfa31be3398"",""file_size"":1045756,""read_path"":""/allen/programs/allencell/data/proj0/489/40e/619/7ce/821/1a9/d47/4b0/da6/391/71/3500004429_100X_20210406-Scene-056-P56-E09_CellNucSegCombined.ome.tiff""},""provenance"":{""input_files"":[""d5e81b946cde48bf9437fed8ed2d4b66""],""algorithm_version"":""0.1.0"",""algorithm"":""dna_cell_segmentation_ML_v1""},""content_processing"":{""channels"":{""0"":{""processing_date"":""2021-05-13T23:34:19Z"",""run_id"":81146,""content_type"":""Nucleus segmentation"",""algorithm_version"":""0.1.0"",""algorithm"":""dna_cell_segmentation_ML_v1"",""content_type_id"":16,""algorithm_id"":124,""algorithm_info"":""dna_cell_segmentation_ML_v1-0.1.0""},""1"":{""processing_date"":""2021-05-13T23:34:19Z"",""run_id"":81146,""content_type"":""Membrane segmentation"",""algorithm_version"":""0.1.0"",""algorithm"":""dna_cell_segmentation_ML_v1"",""content_type_id"":17,""algorithm_id"":124,""algorithm_info"":""dna_cell_segmentation_ML_v1-0.1.0""},""2"":{""processing_date"":""2021-05-13T23:34:19Z"",""run_id"":81146,""content_type"":""Nucleus contour"",""algorithm_version"":""0.1.0"",""algorithm"":""dna_cell_segmentation_ML_v1"",""content_type_id"":19,""algorithm_id"":124,""algorithm_info"":""dna_cell_segmentation_ML_v1-0.1.0""},""3"":{""processing_date"":""2021-05-13T23:34:19Z"",""run_id"":81146,""content_type"":""Membrane contour"",""algorithm_version"":""0.1.0"",""algorithm"":""dna_cell_segmentation_ML_v1"",""content_type_id"":21,""algorithm_id"":124,""algorithm_info"":""dna_cell_segmentation_ML_v1-0.1.0""}},""cell_ids"":[1043631,1043632,1043633,1043634,1043635,1043636,1043637,1043638,1043639,1043640,1043641,1043642,1043643,1043644,1043645,1043646,1043647,1043648,1043649,1043650,1043651,1043652,1043653,1043654,1043655,1043656,1043657,1043658]},""microscopy"":{""qc"":""passed"",""plate_barcode"":""3500004429"",""plate_id"":6869,""imaging_date"":""2021-04-06T18:56:26Z"",""fov"":{""position_x"":74363.125,""position_y"":40012.417,""position_z"":8754.280999999999,""acquisition_date"":""2021-04-06T18:56:26Z""},""well_name"":""E9"",""fov_id"":165572,""objective"":100,""well_id"":340469},""cell"":{""protocol"":{""name"":""Single Gene HDR Edit"",""protocol_id"":3,""cell_population_table_name"":""StemCellPopulation"",""protocol_group_id"":1},""passage"":35,""stage"":""Clones, final bank"",""population_id"":12632,""line"":""AICS-93"",""stage_id"":8,""edits"":[{""cr_rna_batch"":""TERF2_crRNA-1-B1"",""gene"":""TERF2"",""tag_location_id"":2,""cas9_batch_id"":2,""cas9_id"":1,""fluorescent_protein"":""mEGFP"",""cas9"":""spCas9"",""donor_plasmid_batch"":""TERF2-mEGFP"",""donor_plasmid"":""TERF2-mEGFP"",""donor_plasmid_id"":77,""cas9_batch"":""2017_Batch2"",""donor_plasmid_batch_id"":89,""cr_rna_id"":177,""cr_rna"":""TERF2_crRNA-1"",""cr_rna_batch_id"":192,""fluorescent_protein_id"":2,""gene_id"":61,""tag_location"":""N-terminus""}],""clone"":""25"",""line_id"":98,""parent_cell_population_id"":12621}}"
26848,737884a16f734a50bb296f31d16ce51b,27:44.0,165574,ZSD-1,/allen/programs/allencell/data/proj0/51b/6ce/1d1/6f3/b29/50b/34a/6f7/4a1/788/73/3500004429_100X_20210406-alignV2-Scene-087-P87-E10.ome.tiff,E10,3500004429,AICS-93,['Pipeline 4.8'],Mode A,TERF2,3500004429_100X_20210406-Scene-087-P87-E10_CellNucSegCombined.ome.tiff,/allen/programs/allencell/data/proj0/6aa/bdc/11b/a10/a86/749/54e/da1/b08/821/9d/3500004429_100X_20210406-Scene-087-P87-E10_CellNucSegCombined.ome.tiff,"{""file"":{""original_path"":""/tmp/tmp5bfc39pz/3500004429_100X_20210406-Scene-087-P87-E10_CellNucSegCombined.ome.tiff"",""file_type"":""image"",""file_name"":""3500004429_100X_20210406-Scene-087-P87-E10_CellNucSegCombined.ome.tiff"",""job_id"":""15e12d0bb5b84bf595d12ac031c42896"",""file_id"":""9d821b08da154e749a86a1011bbdc6aa"",""sha256"":""7a671b89d8717a1fdacd6610b995171cf8cbe24f958904677ea2f185b13cfb49"",""md5"":""ca0f323f773b2018e1ed0ff987fbb404"",""file_size"":1145692,""read_path"":""/allen/programs/allencell/data/proj0/6aa/bdc/11b/a10/a86/749/54e/da1/b08/821/9d/3500004429_100X_20210406-Scene-087-P87-E10_CellNucSegCombined.ome.tiff""},""provenance"":{""input_files"":[""737884a16f734a50bb296f31d16ce51b""],""algorithm_version"":""0.1.0"",""algorithm"":""dna_cell_segmentation_ML_v1""},""content_processing"":{""channels"":{""0"":{""processing_date"":""2021-05-14T00:18:01Z"",""run_id"":81231,""content_type"":""Nucleus segmentation"",""algorithm_version"":""0.1.0"",""algorithm"":""dna_cell_segmentation_ML_v1"",""content_type_id"":16,""algorithm_id"":124,""algorithm_info"":""dna_cell_segmentation_ML_v1-0.1.0""},""1"":{""processing_date"":""2021-05-14T00:18:01Z"",""run_id"":81231,""content_type"":""Membrane segmentation"",""algorithm_version"":""0.1.0"",""algorithm"":""dna_cell_segmentation_ML_v1"",""content_type_id"":17,""algorithm_id"":124,""algorithm_info"":""dna_cell_segmentation_ML_v1-0.1.0""},""2"":{""processing_date"":""2021-05-14T00:18:01Z"",""run_id"":81231,""content_type"":""Nucleus contour"",""algorithm_version"":""0.1.0"",""algorithm"":""dna_cell_segmentation_ML_v1"",""content_type_id"":19,""algorithm_id"":124,""algorithm_info"":""dna_cell_segmentation_ML_v1-0.1.0""},""3"":{""processing_date"":""2021-05-14T00:18:01Z"",""run_id"":81231,""content_type"":""Membrane contour"",""algorithm_version"":""0.1.0"",""algorithm"":""dna_cell_segmentation_ML_v1"",""content_type_id"":21,""algorithm_id"":124,""algorithm_info"":""dna_cell_segmentation_ML_v1-0.1.0""}},""cell_ids"":[1043691,1043692,1043693,1043694,1043695,1043696,1043697,1043698,1043699,1043700,1043701,1043702,1043703,1043704,1043705,1043706,1043707,1043708,1043709,1043710,1043711,1043712,1043713,1043714,1043715,1043716,1043717,1043718,1043719,1043720,1043721]},""microscopy"":{""qc"":""passed"",""plate_barcode"":""3500004429"",""plate_id"":6869,""imaging_date"":""2021-04-06T19:27:44Z"",""fov"":{""position_x"":82912.458,""position_y"":40636.417,""position_z"":8742.294,""acquisition_date"":""2021-04-06T19:27:44Z""},""well_name"":""E10"",""fov_id"":165574,""objective"":100,""well_id"":340470},""cell"":{""protocol"":{""name"":""Single Gene HDR Edit"",""protocol_id"":3,""cell_population_table_name"":""StemCellPopulation"",""protocol_group_id"":1},""passage"":35,""stage"":""Clones, final bank"",""population_id"":12632,""line"":""AICS-93"",""stage_id"":8,""edits"":[{""cr_rna_batch"":""TERF2_crRNA-1-B1"",""gene"":""TERF2"",""tag_location_id"":2,""cas9_batch_id"":2,""cas9_id"":1,""fluorescent_protein"":""mEGFP"",""cas9"":""spCas9"",""donor_plasmid_batch"":""TERF2-mEGFP"",""donor_plasmid"":""TERF2-mEGFP"",""donor_plasmid_id"":77,""cas9_batch"":""2017_Batch2"",""donor_plasmid_batch_id"":89,""cr_rna_id"":177,""cr_rna"":""TERF2_crRNA-1"",""cr_rna_batch_id"":192,""fluorescent_protein_id"":2,""gene_id"":61,""tag_location"":""N-terminus""}],""clone"":""25"",""line_id"":98,""parent_cell_population_id"":12621}}"
26853,e4be425886814129b95bc5ee8d9810df,57:27.0,165579,ZSD-1,/allen/programs/allencell/data/proj0/0df/981/e8d/c5e/95b/29b/141/868/258/be4/e4/3500004429_100X_20210406-alignV2-Scene-057-P57-E09.ome.tiff,E9,3500004429,AICS-93,['Pipeline 4.8'],Mode A,TERF2,3500004429_100X_20210406-Scene-057-P57-E09_CellNucSegCombined.ome.tiff,/allen/programs/allencell/data/proj0/5fd/9c2/28f/91e/f0b/87a/047/4e2/d9f/84d/b3/3500004429_100X_20210406-Scene-057-P57-E09_CellNucSegCombined.ome.tiff,"{""file"":{""original_path"":""/tmp/tmp9bwush7e/3500004429_100X_20210406-Scene-057-P57-E09_CellNucSegCombined.ome.tiff"",""file_type"":""image"",""file_name"":""3500004429_100X_20210406-Scene-057-P57-E09_CellNucSegCombined.ome.tiff"",""job_id"":""3233bfc6e6034bb58479c7ae8af43eef"",""file_id"":""b384dd9f4e204787af0b91e28f9c25fd"",""sha256"":""63b88be2835aae3892d700a8c7739425751fff020126646c0107c34680bdb350"",""md5"":""bdbe863c39a51dc1fb73246cbc5a3d86"",""file_size"":1099404,""read_path"":""/allen/programs/allencell/data/proj0/5fd/9c2/28f/91e/f0b/87a/047/4e2/d9f/84d/b3/3500004429_100X_20210406-Scene-057-P57-E09_CellNucSegCombined.ome.tiff""},""provenance"":{""input_files"":[""e4be425886814129b95bc5ee8d9810df""],""algorithm_version"":""0.1.0"",""algorithm"":""dna_cell_segmentation_ML_v1""},""content_processing"":{""channels"":{""0"":{""processing_date"":""2021-05-13T23:52:23Z"",""run_id"":81184,""content_type"":""Nucleus segmentation"",""algorithm_version"":""0.1.0"",""algorithm"":""dna_cell_segmentation_ML_v1"",""content_type_id"":16,""algorithm_id"":124,""algorithm_info"":""dna_cell_segmentation_ML_v1-0.1.0""},""1"":{""processing_date"":""2021-05-13T23:52:23Z"",""run_id"":81184,""content_type"":""Membrane segmentation"",""algorithm_version"":""0.1.0"",""algorithm"":""dna_cell_segmentation_ML_v1"",""content_type_id"":17,""algorithm_id"":124,""algorithm_info"":""dna_cell_segmentation_ML_v1-0.1.0""},""2"":{""processing_date"":""2021-05-13T23:52:23Z"",""run_id"":81184,""content_type"":""Nucleus contour"",""algorithm_version"":""0.1.0"",""algorithm"":""dna_cell_segmentation_ML_v1"",""content_type_id"":19,""algorithm_id"":124,""algorithm_info"":""dna_cell_segmentation_ML_v1-0.1.0""},""3"":{""processing_date"":""2021-05-13T23:52:23Z"",""run_id"":81184,""content_type"":""Membrane contour"",""algorithm_version"":""0.1.0"",""algorithm"":""dna_cell_segmentation_ML_v1"",""content_type_id"":21,""algorithm_id"":124,""algorithm_info"":""dna_cell_segmentation_ML_v1-0.1.0""}},""cell_ids"":[1043828,1043829,1043830,1043831,1043832,1043833,1043834,1043835,1043836,1043837,1043838,1043839,1043840,1043841,1043842,1043843,1043844,1043845,1043846,1043847,1043848,1043849,1043850,1043851,1043852,1043853,1043854,1043855]},""microscopy"":{""qc"":""passed"",""plate_barcode"":""3500004429"",""plate_id"":6869,""imaging_date"":""2021-04-06T18:57:27Z"",""fov"":{""position_x"":75546.125,""position_y"":38738.417,""position_z"":8754.280999999999,""acquisition_date"":""2021-04-06T18:57:27Z""},""well_name"":""E9"",""fov_id"":165579,""objective"":100,""well_id"":340469},""cell"":{""protocol"":{""name"":""Single Gene HDR Edit"",""protocol_id"":3,""cell_population_table_name"":""StemCellPopulation"",""protocol_group_id"":1},""passage"":35,""stage"":""Clones, final bank"",""population_id"":12632,""line"":""AICS-93"",""stage_id"":8,""edits"":[{""cr_rna_batch"":""TERF2_crRNA-1-B1"",""gene"":""TERF2"",""tag_location_id"":2,""cas9_batch_id"":2,""cas9_id"":1,""fluorescent_protein"":""mEGFP"",""cas9"":""spCas9"",""donor_plasmid_batch"":""TERF2-mEGFP"",""donor_plasmid"":""TERF2-mEGFP"",""donor_plasmid_id"":77,""cas9_batch"":""2017_Batch2"",""donor_plasmid_batch_id"":89,""cr_rna_id"":177,""cr_rna"":""TERF2_crRNA-1"",""cr_rna_batch_id"":192,""fluorescent_protein_id"":2,""gene_id"":61,""tag_location"":""N-terminus""}],""clone"":""25"",""line_id"":98,""parent_cell_population_id"":12621}}"
26856,55d89cdcaff0444781fe2a6ba5af9f78,58:27.0,165582,ZSD-1,/allen/programs/allencell/data/proj0/f78/af9/ba5/2a6/1fe/478/044/aff/cdc/d89/55/3500004429_100X_20210406-alignV2-Scene-058-P58-E09.ome.tiff,E9,3500004429,AICS-93,['Pipeline 4.8'],Mode A,TERF2,3500004429_100X_20210406-Scene-058-P58-E09_CellNucSegCombined.ome.tiff,/allen/programs/allencell/data/proj0/f0a/bd1/2a8/e04/8a6/aab/347/71b/fa3/981/9d/3500004429_100X_20210406-Scene-058-P58-E09_CellNucSegCombined.ome.tiff,"{""file"":{""original_path"":""/tmp/tmp7jerzdej/3500004429_100X_20210406-Scene-058-P58-E09_CellNucSegCombined.ome.tiff"",""file_type"":""image"",""file_name"":""3500004429_100X_20210406-Scene-058-P58-E09_CellNucSegCombined.ome.tiff"",""job_id"":""ce97971b0346498dbd33f743befa2d1d"",""file_id"":""9d981fa371b347aab8a6e042a8bd1f0a"",""sha256"":""a0605f2e6b4ab3d4f6b50a92cf8fd028e5d35ab88bdd37ee2aefa1d11f5d4dfc"",""md5"":""cf8aad82fec8ddc51577ddc52e131cd3"",""file_size"":1079436,""read_path"":""/allen/programs/allencell/data/proj0/f0a/bd1/2a8/e04/8a6/aab/347/71b/fa3/981/9d/3500004429_100X_20210406-Scene-058-P58-E09_CellNucSegCombined.ome.tiff""},""provenance"":{""input_files"":[""55d89cdcaff0444781fe2a6ba5af9f78""],""algorithm_version"":""0.1.0"",""algorithm"":""dna_cell_segmentation_ML_v1""},""content_processing"":{""channels"":{""0"":{""processing_date"":""2021-05-14T00:23:23Z"",""run_id"":81240,""content_type"":""Nucleus segmentation"",""algorithm_version"":""0.1.0"",""algorithm"":""dna_cell_segmentation_ML_v1"",""content_type_id"":16,""algorithm_id"":124,""algorithm_info"":""dna_cell_segmentation_ML_v1-0.1.0""},""1"":{""processing_date"":""2021-05-14T00:23:23Z"",""run_id"":81240,""content_type"":""Membrane segmentation"",""algorithm_version"":""0.1.0"",""algorithm"":""dna_cell_segmentation_ML_v1"",""content_type_id"":17,""algorithm_id"":124,""algorithm_info"":""dna_cell_segmentation_ML_v1-0.1.0""},""2"":{""processing_date"":""2021-05-14T00:23:23Z"",""run_id"":81240,""content_type"":""Nucleus contour"",""algorithm_version"":""0.1.0"",""algorithm"":""dna_cell_segmentation_ML_v1"",""content_type_id"":19,""algorithm_id"":124,""algorithm_info"":""dna_cell_segmentation_ML_v1-0.1.0""},""3"":{""processing_date"":""2021-05-14T00:23:23Z"",""run_id"":81240,""content_type"":""Membrane contour"",""algorithm_version"":""0.1.0"",""algorithm"":""dna_cell_segmentation_ML_v1"",""content_type_id"":21,""algorithm_id"":124,""algorithm_info"":""dna_cell_segmentation_ML_v1-0.1.0""}},""cell_ids"":[1043910,1043911,1043912,1043913,1043914,1043915,1043916,1043917,1043918,1043919,1043920,1043921,1043922,1043923,1043924,1043925,1043926,1043927,1043928,1043929,1043930,1043931,1043932,1043933,1043934,1043935,1043936]},""microscopy"":{""qc"":""passed"",""plate_barcode"":""3500004429"",""plate_id"":6869,""imaging_date"":""2021-04-06T18:58:27Z"",""fov"":{""position_x"":76486.458,""position_y"":40207.417,""position_z"":8754.280999999999,""acquisition_date"":""2021-04-06T18:58:27Z""},""well_name"":""E9"",""fov_id"":165582,""objective"":100,""well_id"":340469},""cell"":{""protocol"":{""name"":""Single Gene HDR Edit"",""protocol_id"":3,""cell_population_table_name"":""StemCellPopulation"",""protocol_group_id"":1},""passage"":35,""stage"":""Clones, final bank"",""population_id"":12632,""line"":""AICS-93"",""stage_id"":8,""edits"":[{""cr_rna_batch"":""TERF2_crRNA-1-B1"",""gene"":""TERF2"",""tag_location_id"":2,""cas9_batch_id"":2,""cas9_id"":1,""fluorescent_protein"":""mEGFP"",""cas9"":""spCas9"",""donor_plasmid_batch"":""TERF2-mEGFP"",""donor_plasmid"":""TERF2-mEGFP"",""donor_plasmid_id"":77,""cas9_batch"":""2017_Batch2"",""donor_plasmid_batch_id"":89,""cr_rna_id"":177,""cr_rna"":""TERF2_crRNA-1"",""cr_rna_batch_id"":192,""fluorescent_protein_id"":2,""gene_id"":61,""tag_location"":""N-terminus""}],""clone"":""25"",""line_id"":98,""parent_cell_population_id"":12621}}"
26859,06568b384c814441b57801de6843bccf,28:44.0,165585,ZSD-1,/allen/programs/allencell/data/proj0/ccf/43b/e68/01d/578/41b/144/4c8/b38/568/06/3500004429_100X_20210406-alignV2-Scene-088-P88-E10.ome.tiff,E10,3500004429,AICS-93,['Pipeline 4.8'],Mode A,TERF2,3500004429_100X_20210406-Scene-088-P88-E10_CellNucSegCombined.ome.tiff,/allen/programs/allencell/data/proj0/94b/bbb/a18/c18/66c/9ab/e49/1d4/9cd/fe4/7e/3500004429_100X_20210406-Scene-088-P88-E10_CellNucSegCombined.ome.tiff,"{""file"":{""original_path"":""/tmp/tmp89m4pt9t/3500004429_100X_20210406-Scene-088-P88-E10_CellNucSegCombined.ome.tiff"",""file_type"":""image"",""file_name"":""3500004429_100X_20210406-Scene-088-P88-E10_CellNucSegCombined.ome.tiff"",""job_id"":""42b54a07c47c4f22887c5254f0b86c87"",""file_id"":""7efe49cd1d4e499ab66cc18a18bbb94b"",""sha256"":""c8da8ebb5281cec92eed80b825e90694b6bfb39e32cd87435ca38514933eed45"",""md5"":""da0b1cf761aca8f3189396d3974eebb1"",""file_size"":939836,""read_path"":""/allen/programs/allencell/data/proj0/94b/bbb/a18/c18/66c/9ab/e49/1d4/9cd/fe4/7e/3500004429_100X_20210406-Scene-088-P88-E10_CellNucSegCombined.ome.tiff""},""provenance"":{""input_files"":[""06568b384c814441b57801de6843bccf""],""algorithm_version"":""0.1.0"",""algorithm"":""dna_cell_segmentation_ML_v1""},""content_processing"":{""channels"":{""0"":{""processing_date"":""2021-05-14T00:21:57Z"",""run_id"":81237,""content_type"":""Nucleus segmentation"",""algorithm_version"":""0.1.0"",""algorithm"":""dna_cell_segmentation_ML_v1"",""content_type_id"":16,""algorithm_id"":124,""algorithm_info"":""dna_cell_segmentation_ML_v1-0.1.0""},""1"":{""processing_date"":""2021-05-14T00:21:57Z"",""run_id"":81237,""content_type"":""Membrane segmentation"",""algorithm_version"":""0.1.0"",""algorithm"":""dna_cell_segmentation_ML_v1"",""content_type_id"":17,""algorithm_id"":124,""algorithm_info"":""dna_cell_segmentation_ML_v1-0.1.0""},""2"":{""processing_date"":""2021-05-14T00:21:57Z"",""run_id"":81237,""content_type"":""Nucleus contour"",""algorithm_version"":""0.1.0"",""algorithm"":""dna_cell_segmentation_ML_v1"",""content_type_id"":19,""algorithm_id"":124,""algorithm_info"":""dna_cell_segmentation_ML_v1-0.1.0""},""3"":{""processing_date"":""2021-05-14T00:21:57Z"",""run_id"":81237,""content_type"":""Membrane contour"",""algorithm_version"":""0.1.0"",""algorithm"":""dna_cell_segmentation_ML_v1"",""content_type_id"":21,""algorithm_id"":124,""algorithm_info"":""dna_cell_segmentation_ML_v1-0.1.0""}},""cell_ids"":[1044001,1044002,1044003,1044004,1044005,1044006,1044007,1044008,1044009,1044010,1044011,1044012,1044013,1044014,1044015,1044016,1044017,1044018,1044019,1044020,1044021,1044022,1044023,1044024]},""microscopy"":{""qc"":""passed"",""plate_barcode"":""3500004429"",""plate_id"":6869,""imaging_date"":""2021-04-06T19:28:44Z"",""fov"":{""position_x"":83012.125,""position_y"":38963.75,""position_z"":8742.294,""acquisition_date"":""2021-04-06T19:28:44Z""},""well_name"":""E10"",""fov_id"":165585,""objective"":100,""well_id"":340470},""cell"":{""protocol"":{""name"":""Single Gene HDR Edit"",""protocol_id"":3,""cell_population_table_name"":""StemCellPopulation"",""protocol_group_id"":1},""passage"":35,""stage"":""Clones, final bank"",""population_id"":12632,""line"":""AICS-93"",""stage_id"":8,""edits"":[{""cr_rna_batch"":""TERF2_crRNA-1-B1"",""gene"":""TERF2"",""tag_location_id"":2,""cas9_batch_id"":2,""cas9_id"":1,""fluorescent_protein"":""mEGFP"",""cas9"":""spCas9"",""donor_plasmid_batch"":""TERF2-mEGFP"",""donor_plasmid"":""TERF2-mEGFP"",""donor_plasmid_id"":77,""cas9_batch"":""2017_Batch2"",""donor_plasmid_batch_id"":89,""cr_rna_id"":177,""cr_rna"":""TERF2_crRNA-1"",""cr_rna_batch_id"":192,""fluorescent_protein_id"":2,""gene_id"":61,""tag_location"":""N-terminus""}],""clone"":""25"",""line_id"":98,""parent_cell_population_id"":12621}}"
26864,82f29563482441b8aac1b5bd34116c02,27:11.0,165590,ZSD-1,/allen/programs/allencell/data/proj0/c02/116/d34/b5b/ac1/b8a/441/482/563/f29/82/3500004429_100X_20210406-alignV2-Scene-027-P27-E08.ome.tiff,E8,3500004429,AICS-93,['Pipeline 4.8'],Mode A,TERF2,3500004429_100X_20210406-Scene-027-P27-E08_CellNucSegCombined.ome.tiff,/allen/programs/allencell/data/proj0/e51/d19/e66/c60/875/9b9/e40/184/4b1/136/5f/3500004429_100X_20210406-Scene-027-P27-E08_CellNucSegCombined.ome.tiff,"{""file"":{""original_path"":""/tmp/tmpy2k6v0mi/3500004429_100X_20210406-Scene-027-P27-E08_CellNucSegCombined.ome.tiff"",""file_type"":""image"",""file_name"":""3500004429_100X_20210406-Scene-027-P27-E08_CellNucSegCombined.ome.tiff"",""job_id"":""1a98b7b67ef34c5ba6c7890b810d5474"",""file_id"":""5f1364b1184e409b9875c60e66d19e51"",""sha256"":""71e76ef806e5ea1af9d7c1d698188519f45c0e8cdf02401b2a49272dc6ef3a71"",""md5"":""bd6340d3a79e9289b19c9d7501e5290b"",""file_size"":880428,""read_path"":""/allen/programs/allencell/data/proj0/e51/d19/e66/c60/875/9b9/e40/184/4b1/136/5f/3500004429_100X_20210406-Scene-027-P27-E08_CellNucSegCombined.ome.tiff""},""provenance"":{""input_files"":[""82f29563482441b8aac1b5bd34116c02""],""algorithm_version"":""0.1.0"",""algorithm"":""dna_cell_segmentation_ML_v1""},""content_processing"":{""channels"":{""0"":{""processing_date"":""2021-05-14T00:17:00Z"",""run_id"":81228,""content_type"":""Nucleus segmentation"",""algorithm_version"":""0.1.0"",""algorithm"":""dna_cell_segmentation_ML_v1"",""content_type_id"":16,""algorithm_id"":124,""algorithm_info"":""dna_cell_segmentation_ML_v1-0.1.0""},""1"":{""processing_date"":""2021-05-14T00:17:00Z"",""run_id"":81228,""content_type"":""Membrane segmentation"",""algorithm_version"":""0.1.0"",""algorithm"":""dna_cell_segmentation_ML_v1"",""content_type_id"":17,""algorithm_id"":124,""algorithm_info"":""dna_cell_segmentation_ML_v1-0.1.0""},""2"":{""processing_date"":""2021-05-14T00:17:00Z"",""run_id"":81228,""content_type"":""Nucleus contour"",""algorithm_version"":""0.1.0"",""algorithm"":""dna_cell_segmentation_ML_v1"",""content_type_id"":19,""algorithm_id"":124,""algorithm_info"":""dna_cell_segmentation_ML_v1-0.1.0""},""3"":{""processing_date"":""2021-05-14T00:17:00Z"",""run_id"":81228,""content_type"":""Membrane contour"",""algorithm_version"":""0.1.0"",""algorithm"":""dna_cell_segmentation_ML_v1"",""content_type_id"":21,""algorithm_id"":124,""algorithm_info"":""dna_cell_segmentation_ML_v1-0.1.0""}},""cell_ids"":[1044121,1044122,1044123,1044124,1044125,1044126,1044127,1044128,1044129,1044130,1044131,1044132,1044133,1044134,1044135,1044136,1044137,1044138,1044139,1044140,1044141,1044142]},""microscopy"":{""qc"":""passed"",""plate_barcode"":""3500004429"",""plate_id"":6869,""imaging_date"":""2021-04-06T18:27:11Z"",""fov"":{""position_x"":66368.458,""position_y"":39102.417,""position_z"":8755.92,""acquisition_date"":""2021-04-06T18:27:11Z""},""well_name"":""E8"",""fov_id"":165590,""objective"":100,""well_id"":340468},""cell"":{""protocol"":{""name"":""Single Gene HDR Edit"",""protocol_id"":3,""cell_population_table_name"":""StemCellPopulation"",""protocol_group_id"":1},""passage"":35,""stage"":""Clones, final bank"",""population_id"":12632,""line"":""AICS-93"",""stage_id"":8,""edits"":[{""cr_rna_batch"":""TERF2_crRNA-1-B1"",""gene"":""TERF2"",""tag_location_id"":2,""cas9_batch_id"":2,""cas9_id"":1,""fluorescent_protein"":""mEGFP"",""cas9"":""spCas9"",""donor_plasmid_batch"":""TERF2-mEGFP"",""donor_plasmid"":""TERF2-mEGFP"",""donor_plasmid_id"":77,""cas9_batch"":""2017_Batch2"",""donor_plasmid_batch_id"":89,""cr_rna_id"":177,""cr_rna"":""TERF2_crRNA-1"",""cr_rna_batch_id"":192,""fluorescent_protein_id"":2,""gene_id"":61,""tag_location"":""N-terminus""}],""clone"":""25"",""line_id"":98,""parent_cell_population_id"":12621}}"
26868,2b7b2b994c5c4069a36563ed3ac94043,34:13.0,165594,ZSD-1,/allen/programs/allencell/data/proj0/043/c94/d3a/63e/365/69a/c40/4c5/b99/7b2/2b/3500004429_100X_20210406-alignV2-Scene-034-P34-E08.ome.tiff,E8,3500004429,AICS-93,['Pipeline 4.8'],Mode A,TERF2,3500004429_100X_20210406-Scene-034-P34-E08_CellNucSegCombined.ome.tiff,/allen/programs/allencell/data/proj0/eb2/7db/a6e/ae8/57f/2da/941/f78/59a/607/0a/3500004429_100X_20210406-Scene-034-P34-E08_CellNucSegCombined.ome.tiff,"{""file"":{""original_path"":""/tmp/tmp10k1gwhy/3500004429_100X_20210406-Scene-034-P34-E08_CellNucSegCombined.ome.tiff"",""file_type"":""image"",""file_name"":""3500004429_100X_20210406-Scene-034-P34-E08_CellNucSegCombined.ome.tiff"",""job_id"":""cd49b29b4ecc4bc986c28d14070826bd"",""file_id"":""0a60759af789412da57fae8a6e7dbeb2"",""sha256"":""82aef65f9581e879aa2ee3f314cdf9fe1a268b5bb1b42f93cd34a8319ab9dd90"",""md5"":""dae662eb40540208acfaa176a0946606"",""file_size"":1126972,""read_path"":""/allen/programs/allencell/data/proj0/eb2/7db/a6e/ae8/57f/2da/941/f78/59a/607/0a/3500004429_100X_20210406-Scene-034-P34-E08_CellNucSegCombined.ome.tiff""},""provenance"":{""input_files"":[""2b7b2b994c5c4069a36563ed3ac94043""],""algorithm_version"":""0.1.0"",""algorithm"":""dna_cell_segmentation_ML_v1""},""content_processing"":{""channels"":{""0"":{""processing_date"":""2021-05-14T20:36:23Z"",""run_id"":81445,""content_type"":""Nucleus segmentation"",""algorithm_version"":""0.1.0"",""algorithm"":""dna_cell_segmentation_ML_v1"",""content_type_id"":16,""algorithm_id"":124,""algorithm_info"":""dna_cell_segmentation_ML_v1-0.1.0""},""1"":{""processing_date"":""2021-05-14T20:36:23Z"",""run_id"":81445,""content_type"":""Membrane segmentation"",""algorithm_version"":""0.1.0"",""algorithm"":""dna_cell_segmentation_ML_v1"",""content_type_id"":17,""algorithm_id"":124,""algorithm_info"":""dna_cell_segmentation_ML_v1-0.1.0""},""2"":{""processing_date"":""2021-05-14T20:36:23Z"",""run_id"":81445,""content_type"":""Nucleus contour"",""algorithm_version"":""0.1.0"",""algorithm"":""dna_cell_segmentation_ML_v1"",""content_type_id"":19,""algorithm_id"":124,""algorithm_info"":""dna_cell_segmentation_ML_v1-0.1.0""},""3"":{""processing_date"":""2021-05-14T20:36:23Z"",""run_id"":81445,""content_type"":""Membrane contour"",""algorithm_version"":""0.1.0"",""algorithm"":""dna_cell_segmentation_ML_v1"",""content_type_id"":21,""algorithm_id"":124,""algorithm_info"":""dna_cell_segmentation_ML_v1-0.1.0""}},""cell_ids"":[1045316,1045317,1045318,1045319,1045320,1045321,1045322,1045323,1045324,1045325,1045326,1045327,1045328,1045329,1045330,1045331,1045332,1045333,1045334,1045335,1045336,1045337,1045338,1045339,1045340]},""microscopy"":{""qc"":""passed"",""plate_barcode"":""3500004429"",""plate_id"":6869,""imaging_date"":""2021-04-06T18:34:13Z"",""fov"":{""position_x"":64557.98,""position_y"":37972.269,""position_z"":8754.821,""acquisition_date"":""2021-04-06T18:34:13Z""},""well_name"":""E8"",""fov_id"":165594,""objective"":100,""well_id"":340468},""cell"":{""protocol"":{""name"":""Single Gene HDR Edit"",""protocol_id"":3,""cell_population_table_name"":""StemCellPopulation"",""protocol_group_id"":1},""passage"":35,""stage"":""Clones, final bank"",""population_id"":12632,""line"":""AICS-93"",""stage_id"":8,""edits"":[{""cr_rna_batch"":""TERF2_crRNA-1-B1"",""gene"":""TERF2"",""tag_location_id"":2,""cas9_batch_id"":2,""cas9_id"":1,""fluorescent_protein"":""mEGFP"",""cas9"":""spCas9"",""donor_plasmid_batch"":""TERF2-mEGFP"",""donor_plasmid"":""TERF2-mEGFP"",""donor_plasmid_id"":77,""cas9_batch"":""2017_Batch2"",""donor_plasmid_batch_id"":89,""cr_rna_id"":177,""cr_rna"":""TERF2_crRNA-1"",""cr_rna_batch_id"":192,""fluorescent_protein_id"":2,""gene_id"":61,""tag_location"":""N-terminus""}],""clone"":""25"",""line_id"":98,""parent_cell_population_id"":12621}}"
26872,a71914c69aad4a13b1885237b2d0bcd0,26:44.0,165598,ZSD-1,/allen/programs/allencell/data/proj0/cd0/d0b/7b2/523/188/13b/d4a/9aa/4c6/191/a7/3500004429_100X_20210406-alignV2-Scene-086-P86-E10.ome.tiff,E10,3500004429,AICS-93,['Pipeline 4.8'],Mode A,TERF2,3500004429_100X_20210406-Scene-086-P86-E10_CellNucSegCombined.ome.tiff,/allen/programs/allencell/data/proj0/a40/b49/c99/ce0/fbe/329/449/95d/0d7/463/3c/3500004429_100X_20210406-Scene-086-P86-E10_CellNucSegCombined.ome.tiff,"{""file"":{""original_path"":""/tmp/tmp3fmezddy/3500004429_100X_20210406-Scene-086-P86-E10_CellNucSegCombined.ome.tiff"",""file_type"":""image"",""file_name"":""3500004429_100X_20210406-Scene-086-P86-E10_CellNucSegCombined.ome.tiff"",""job_id"":""e05c2b2304ec475dac3c00a7622c4ba3"",""file_id"":""3c4630d795d449329fbece0c99b49a40"",""sha256"":""564f20e9d4be6971a75ad09ef93eebe8416b640890564f0c82e56f11696ed00b"",""md5"":""9f6073ce51207bc76e6f10bd1d8d197b"",""file_size"":1123868,""read_path"":""/allen/programs/allencell/data/proj0/a40/b49/c99/ce0/fbe/329/449/95d/0d7/463/3c/3500004429_100X_20210406-Scene-086-P86-E10_CellNucSegCombined.ome.tiff""},""provenance"":{""input_files"":[""a71914c69aad4a13b1885237b2d0bcd0""],""algorithm_version"":""0.1.0"",""algorithm"":""dna_cell_segmentation_ML_v1""},""content_processing"":{""channels"":{""0"":{""processing_date"":""2021-05-14T00:09:04Z"",""run_id"":81213,""content_type"":""Nucleus segmentation"",""algorithm_version"":""0.1.0"",""algorithm"":""dna_cell_segmentation_ML_v1"",""content_type_id"":16,""algorithm_id"":124,""algorithm_info"":""dna_cell_segmentation_ML_v1-0.1.0""},""1"":{""processing_date"":""2021-05-14T00:09:04Z"",""run_id"":81213,""content_type"":""Membrane segmentation"",""algorithm_version"":""0.1.0"",""algorithm"":""dna_cell_segmentation_ML_v1"",""content_type_id"":17,""algorithm_id"":124,""algorithm_info"":""dna_cell_segmentation_ML_v1-0.1.0""},""2"":{""processing_date"":""2021-05-14T00:09:04Z"",""run_id"":81213,""content_type"":""Nucleus contour"",""algorithm_version"":""0.1.0"",""algorithm"":""dna_cell_segmentation_ML_v1"",""content_type_id"":19,""algorithm_id"":124,""algorithm_info"":""dna_cell_segmentation_ML_v1-0.1.0""},""3"":{""processing_date"":""2021-05-14T00:09:04Z"",""run_id"":81213,""content_type"":""Membrane contour"",""algorithm_version"":""0.1.0"",""algorithm"":""dna_cell_segmentation_ML_v1"",""content_type_id"":21,""algorithm_id"":124,""algorithm_info"":""dna_cell_segmentation_ML_v1-0.1.0""}},""cell_ids"":[1044322,1044323,1044324,1044325,1044326,1044327,1044328,1044329,1044330,1044331,1044332,1044333,1044334,1044335,1044336,1044337,1044338,1044339,1044340,1044341,1044342,1044343,1044344,1044345,1044346,1044347,1044348,1044349,1044350,1044351,1044352]},""microscopy"":{""qc"":""passed"",""plate_barcode"":""3500004429"",""plate_id"":6869,""imaging_date"":""2021-04-06T19:26:44Z"",""fov"":{""position_x"":84923.125,""position_y"":38937.75,""position_z"":8742.294,""acquisition_date"":""2021-04-06T19:26:44Z""},""well_name"":""E10"",""fov_id"":165598,""objective"":100,""well_id"":340470},""cell"":{""protocol"":{""name"":""Single Gene HDR Edit"",""protocol_id"":3,""cell_population_table_name"":""StemCellPopulation"",""protocol_group_id"":1},""passage"":35,""stage"":""Clones, final bank"",""population_id"":12632,""line"":""AICS-93"",""stage_id"":8,""edits"":[{""cr_rna_batch"":""TERF2_crRNA-1-B1"",""gene"":""TERF2"",""tag_location_id"":2,""cas9_batch_id"":2,""cas9_id"":1,""fluorescent_protein"":""mEGFP"",""cas9"":""spCas9"",""donor_plasmid_batch"":""TERF2-mEGFP"",""donor_plasmid"":""TERF2-mEGFP"",""donor_plasmid_id"":77,""cas9_batch"":""2017_Batch2"",""donor_plasmid_batch_id"":89,""cr_rna_id"":177,""cr_rna"":""TERF2_crRNA-1"",""cr_rna_batch_id"":192,""fluorescent_protein_id"":2,""gene_id"":61,""tag_location"":""N-terminus""}],""clone"":""25"",""line_id"":98,""parent_cell_population_id"":12621}}"
26875,21c0aadfc1534905b0d1d7e33b6b60c4,33:46.0,165601,ZSD-1,/allen/programs/allencell/data/proj0/0c4/6b6/33b/d7e/0d1/05b/349/c15/adf/c0a/21/3500004429_100X_20210406-alignV2-Scene-093-P93-E10.ome.tiff,E10,3500004429,AICS-93,['Pipeline 4.8'],Mode A,TERF2,3500004429_100X_20210406-Scene-093-P93-E10_CellNucSegCombined.ome.tiff,/allen/programs/allencell/data/proj0/2d8/392/56e/fab/f9d/1da/64e/777/fad/604/a3/3500004429_100X_20210406-Scene-093-P93-E10_CellNucSegCombined.ome.tiff,"{""file"":{""original_path"":""/tmp/tmp_dxse5ni/3500004429_100X_20210406-Scene-093-P93-E10_CellNucSegCombined.ome.tiff"",""file_type"":""image"",""file_name"":""3500004429_100X_20210406-Scene-093-P93-E10_CellNucSegCombined.ome.tiff"",""job_id"":""9c8c5468ca024824a64a410e5f15ea25"",""file_id"":""a3604fad77764e1daf9dfab56e3922d8"",""sha256"":""65346bfd4756fa11f6cea00b57a23f6bf18da2cea601c3aafa50568f5bba642f"",""md5"":""2af96509c823b04e92cea9061eb81a6b"",""file_size"":960108,""read_path"":""/allen/programs/allencell/data/proj0/2d8/392/56e/fab/f9d/1da/64e/777/fad/604/a3/3500004429_100X_20210406-Scene-093-P93-E10_CellNucSegCombined.ome.tiff""},""provenance"":{""input_files"":[""21c0aadfc1534905b0d1d7e33b6b60c4""],""algorithm_version"":""0.1.0"",""algorithm"":""dna_cell_segmentation_ML_v1""},""content_processing"":{""channels"":{""0"":{""processing_date"":""2021-05-13T23:49:25Z"",""run_id"":81176,""content_type"":""Nucleus segmentation"",""algorithm_version"":""0.1.0"",""algorithm"":""dna_cell_segmentation_ML_v1"",""content_type_id"":16,""algorithm_id"":124,""algorithm_info"":""dna_cell_segmentation_ML_v1-0.1.0""},""1"":{""processing_date"":""2021-05-13T23:49:25Z"",""run_id"":81176,""content_type"":""Membrane segmentation"",""algorithm_version"":""0.1.0"",""algorithm"":""dna_cell_segmentation_ML_v1"",""content_type_id"":17,""algorithm_id"":124,""algorithm_info"":""dna_cell_segmentation_ML_v1-0.1.0""},""2"":{""processing_date"":""2021-05-13T23:49:25Z"",""run_id"":81176,""content_type"":""Nucleus contour"",""algorithm_version"":""0.1.0"",""algorithm"":""dna_cell_segmentation_ML_v1"",""content_type_id"":19,""algorithm_id"":124,""algorithm_info"":""dna_cell_segmentation_ML_v1-0.1.0""},""3"":{""processing_date"":""2021-05-13T23:49:25Z"",""run_id"":81176,""content_type"":""Membrane contour"",""algorithm_version"":""0.1.0"",""algorithm"":""dna_cell_segmentation_ML_v1"",""content_type_id"":21,""algorithm_id"":124,""algorithm_info"":""dna_cell_segmentation_ML_v1-0.1.0""}},""cell_ids"":[1044409,1044410,1044411,1044412,1044413,1044414,1044415,1044416,1044417,1044418,1044419,1044420,1044421,1044422,1044423,1044424,1044425,1044426,1044427,1044428,1044429,1044430,1044431,1044432,1044433]},""microscopy"":{""qc"":""passed"",""plate_barcode"":""3500004429"",""plate_id"":6869,""imaging_date"":""2021-04-06T19:33:46Z"",""fov"":{""position_x"":84068.98599999999,""position_y"":39926.623,""position_z"":8745.196,""acquisition_date"":""2021-04-06T19:33:46Z""},""well_name"":""E10"",""fov_id"":165601,""objective"":100,""well_id"":340470},""cell"":{""protocol"":{""name"":""Single Gene HDR Edit"",""protocol_id"":3,""cell_population_table_name"":""StemCellPopulation"",""protocol_group_id"":1},""passage"":35,""stage"":""Clones, final bank"",""population_id"":12632,""line"":""AICS-93"",""stage_id"":8,""edits"":[{""cr_rna_batch"":""TERF2_crRNA-1-B1"",""gene"":""TERF2"",""tag_location_id"":2,""cas9_batch_id"":2,""cas9_id"":1,""fluorescent_protein"":""mEGFP"",""cas9"":""spCas9"",""donor_plasmid_batch"":""TERF2-mEGFP"",""donor_plasmid"":""TERF2-mEGFP"",""donor_plasmid_id"":77,""cas9_batch"":""2017_Batch2"",""donor_plasmid_batch_id"":89,""cr_rna_id"":177,""cr_rna"":""TERF2_crRNA-1"",""cr_rna_batch_id"":192,""fluorescent_protein_id"":2,""gene_id"":61,""tag_location"":""N-terminus""}],""clone"":""25"",""line_id"":98,""parent_cell_population_id"":12621}}"
26882,dd8b90746e2542baa4354a7677e06fec,02:29.0,165608,ZSD-1,/allen/programs/allencell/data/proj0/fec/e06/677/4a7/435/baa/542/6e2/074/8b9/dd/3500004429_100X_20210406-alignV2-Scene-062-P62-E09.ome.tiff,E9,3500004429,AICS-93,['Pipeline 4.8'],Mode A,TERF2,3500004429_100X_20210406-Scene-062-P62-E09_CellNucSegCombined.ome.tiff,/allen/programs/allencell/data/proj0/ea9/422/2a7/7af/1ea/b99/241/ac8/eb0/0ab/01/3500004429_100X_20210406-Scene-062-P62-E09_CellNucSegCombined.ome.tiff,"{""file"":{""original_path"":""/tmp/tmpwtqofawd/3500004429_100X_20210406-Scene-062-P62-E09_CellNucSegCombined.ome.tiff"",""file_type"":""image"",""file_name"":""3500004429_100X_20210406-Scene-062-P62-E09_CellNucSegCombined.ome.tiff"",""job_id"":""418ed9d251d247fdbe1b4450321d766c"",""file_id"":""010abeb0ac8241b991ea7af2a7422ea9"",""sha256"":""ce18f181155adb821e07637ac22eaabfe1e0af5518f9b13fe4165128886b01c8"",""md5"":""2cfdc10da6104f1b02adae9b08ab7813"",""file_size"":1240524,""read_path"":""/allen/programs/allencell/data/proj0/ea9/422/2a7/7af/1ea/b99/241/ac8/eb0/0ab/01/3500004429_100X_20210406-Scene-062-P62-E09_CellNucSegCombined.ome.tiff""},""provenance"":{""input_files"":[""dd8b90746e2542baa4354a7677e06fec""],""algorithm_version"":""0.1.0"",""algorithm"":""dna_cell_segmentation_ML_v1""},""content_processing"":{""channels"":{""0"":{""processing_date"":""2021-05-13T23:42:48Z"",""run_id"":81164,""content_type"":""Nucleus segmentation"",""algorithm_version"":""0.1.0"",""algorithm"":""dna_cell_segmentation_ML_v1"",""content_type_id"":16,""algorithm_id"":124,""algorithm_info"":""dna_cell_segmentation_ML_v1-0.1.0""},""1"":{""processing_date"":""2021-05-13T23:42:48Z"",""run_id"":81164,""content_type"":""Membrane segmentation"",""algorithm_version"":""0.1.0"",""algorithm"":""dna_cell_segmentation_ML_v1"",""content_type_id"":17,""algorithm_id"":124,""algorithm_info"":""dna_cell_segmentation_ML_v1-0.1.0""},""2"":{""processing_date"":""2021-05-13T23:42:48Z"",""run_id"":81164,""content_type"":""Nucleus contour"",""algorithm_version"":""0.1.0"",""algorithm"":""dna_cell_segmentation_ML_v1"",""content_type_id"":19,""algorithm_id"":124,""algorithm_info"":""dna_cell_segmentation_ML_v1-0.1.0""},""3"":{""processing_date"":""2021-05-13T23:42:48Z"",""run_id"":81164,""content_type"":""Membrane contour"",""algorithm_version"":""0.1.0"",""algorithm"":""dna_cell_segmentation_ML_v1"",""content_type_id"":21,""algorithm_id"":124,""algorithm_info"":""dna_cell_segmentation_ML_v1-0.1.0""}},""cell_ids"":[1044603,1044604,1044605,1044606,1044607,1044608,1044609,1044610,1044611,1044612,1044613,1044614,1044615,1044616,1044617,1044618,1044619,1044620,1044621,1044622,1044623,1044624,1044625,1044626,1044627,1044628,1044629,1044630,1044631,1044632,1044633,1044634]},""microscopy"":{""qc"":""passed"",""plate_barcode"":""3500004429"",""plate_id"":6869,""imaging_date"":""2021-04-06T19:02:29Z"",""fov"":{""position_x"":72755.458,""position_y"":40710.083,""position_z"":8750.23,""acquisition_date"":""2021-04-06T19:02:29Z""},""well_name"":""E9"",""fov_id"":165608,""objective"":100,""well_id"":340469},""cell"":{""protocol"":{""name"":""Single Gene HDR Edit"",""protocol_id"":3,""cell_population_table_name"":""StemCellPopulation"",""protocol_group_id"":1},""passage"":35,""stage"":""Clones, final bank"",""population_id"":12632,""line"":""AICS-93"",""stage_id"":8,""edits"":[{""cr_rna_batch"":""TERF2_crRNA-1-B1"",""gene"":""TERF2"",""tag_location_id"":2,""cas9_batch_id"":2,""cas9_id"":1,""fluorescent_protein"":""mEGFP"",""cas9"":""spCas9"",""donor_plasmid_batch"":""TERF2-mEGFP"",""donor_plasmid"":""TERF2-mEGFP"",""donor_plasmid_id"":77,""cas9_batch"":""2017_Batch2"",""donor_plasmid_batch_id"":89,""cr_rna_id"":177,""cr_rna"":""TERF2_crRNA-1"",""cr_rna_batch_id"":192,""fluorescent_protein_id"":2,""gene_id"":61,""tag_location"":""N-terminus""}],""clone"":""25"",""line_id"":98,""parent_cell_population_id"":12621}}"
26883,adcd26fe55224774ac131339ed5168eb,32:46.0,165609,ZSD-1,/allen/programs/allencell/data/proj0/8eb/516/9ed/133/c13/74a/247/552/6fe/cd2/ad/3500004429_100X_20210406-alignV2-Scene-092-P92-E10.ome.tiff,E10,3500004429,AICS-93,['Pipeline 4.8'],Mode A,TERF2,3500004429_100X_20210406-Scene-092-P92-E10_CellNucSegCombined.ome.tiff,/allen/programs/allencell/data/proj0/4ef/8ac/7cc/ea8/41f/b5b/a4b/de3/9ec/15f/7f/3500004429_100X_20210406-Scene-092-P92-E10_CellNucSegCombined.ome.tiff,"{""file"":{""original_path"":""/tmp/tmp9hqkm5qt/3500004429_100X_20210406-Scene-092-P92-E10_CellNucSegCombined.ome.tiff"",""file_type"":""image"",""file_name"":""3500004429_100X_20210406-Scene-092-P92-E10_CellNucSegCombined.ome.tiff"",""job_id"":""1d54d42467de4a06969c442e75ed5335"",""file_id"":""7f15f9ecde3a4bb5b41fea87cc8ac4ef"",""sha256"":""755449999dc3ba32fad41f9347b05bbef97f1afed606d010666ef4da84fa2334"",""md5"":""8a6bc646d02ea0c94067fb3e952850a4"",""file_size"":948988,""read_path"":""/allen/programs/allencell/data/proj0/4ef/8ac/7cc/ea8/41f/b5b/a4b/de3/9ec/15f/7f/3500004429_100X_20210406-Scene-092-P92-E10_CellNucSegCombined.ome.tiff""},""provenance"":{""input_files"":[""adcd26fe55224774ac131339ed5168eb""],""algorithm_version"":""0.1.0"",""algorithm"":""dna_cell_segmentation_ML_v1""},""content_processing"":{""channels"":{""0"":{""processing_date"":""2021-05-14T00:08:26Z"",""run_id"":81211,""content_type"":""Nucleus segmentation"",""algorithm_version"":""0.1.0"",""algorithm"":""dna_cell_segmentation_ML_v1"",""content_type_id"":16,""algorithm_id"":124,""algorithm_info"":""dna_cell_segmentation_ML_v1-0.1.0""},""1"":{""processing_date"":""2021-05-14T00:08:26Z"",""run_id"":81211,""content_type"":""Membrane segmentation"",""algorithm_version"":""0.1.0"",""algorithm"":""dna_cell_segmentation_ML_v1"",""content_type_id"":17,""algorithm_id"":124,""algorithm_info"":""dna_cell_segmentation_ML_v1-0.1.0""},""2"":{""processing_date"":""2021-05-14T00:08:26Z"",""run_id"":81211,""content_type"":""Nucleus contour"",""algorithm_version"":""0.1.0"",""algorithm"":""dna_cell_segmentation_ML_v1"",""content_type_id"":19,""algorithm_id"":124,""algorithm_info"":""dna_cell_segmentation_ML_v1-0.1.0""},""3"":{""processing_date"":""2021-05-14T00:08:26Z"",""run_id"":81211,""content_type"":""Membrane contour"",""algorithm_version"":""0.1.0"",""algorithm"":""dna_cell_segmentation_ML_v1"",""content_type_id"":21,""algorithm_id"":124,""algorithm_info"":""dna_cell_segmentation_ML_v1-0.1.0""}},""cell_ids"":[1044635,1044636,1044637,1044638,1044639,1044640,1044641,1044642,1044643,1044644,1044645,1044646,1044647,1044648,1044649,1044650,1044651,1044652,1044653,1044654,1044655,1044656,1044657,1044658,1044659]},""microscopy"":{""qc"":""passed"",""plate_barcode"":""3500004429"",""plate_id"":6869,""imaging_date"":""2021-04-06T19:32:46Z"",""fov"":{""position_x"":81625.458,""position_y"":39505.417,""position_z"":8745.196,""acquisition_date"":""2021-04-06T19:32:46Z""},""well_name"":""E10"",""fov_id"":165609,""objective"":100,""well_id"":340470},""cell"":{""protocol"":{""name"":""Single Gene HDR Edit"",""protocol_id"":3,""cell_population_table_name"":""StemCellPopulation"",""protocol_group_id"":1},""passage"":35,""stage"":""Clones, final bank"",""population_id"":12632,""line"":""AICS-93"",""stage_id"":8,""edits"":[{""cr_rna_batch"":""TERF2_crRNA-1-B1"",""gene"":""TERF2"",""tag_location_id"":2,""cas9_batch_id"":2,""cas9_id"":1,""fluorescent_protein"":""mEGFP"",""cas9"":""spCas9"",""donor_plasmid_batch"":""TERF2-mEGFP"",""donor_plasmid"":""TERF2-mEGFP"",""donor_plasmid_id"":77,""cas9_batch"":""2017_Batch2"",""donor_plasmid_batch_id"":89,""cr_rna_id"":177,""cr_rna"":""TERF2_crRNA-1"",""cr_rna_batch_id"":192,""fluorescent_protein_id"":2,""gene_id"":61,""tag_location"":""N-terminus""}],""clone"":""25"",""line_id"":98,""parent_cell_population_id"":12621}}"
26886,6a40270cfa9a4a0a84bfc48f7b1b1ef0,01:29.0,165612,ZSD-1,/allen/programs/allencell/data/proj0/ef0/1b1/f7b/c48/4bf/0a8/a4a/fa9/70c/402/6a/3500004429_100X_20210406-alignV2-Scene-061-P61-E09.ome.tiff,E9,3500004429,AICS-93,['Pipeline 4.8'],Mode A,TERF2,3500004429_100X_20210406-Scene-061-P61-E09_CellNucSegCombined.ome.tiff,/allen/programs/allencell/data/proj0/d77/9a4/989/4cd/d05/dfb/e49/9f6/b72/818/6b/3500004429_100X_20210406-Scene-061-P61-E09_CellNucSegCombined.ome.tiff,"{""file"":{""original_path"":""/tmp/tmprpp_18w3/3500004429_100X_20210406-Scene-061-P61-E09_CellNucSegCombined.ome.tiff"",""file_type"":""image"",""file_name"":""3500004429_100X_20210406-Scene-061-P61-E09_CellNucSegCombined.ome.tiff"",""job_id"":""60a598c47dbd43e4abe52d622fa6be17"",""file_id"":""6b818b729f6e49dfbd054cd9899a4d77"",""sha256"":""b55a61925b44c7835184ab175ebe3ba54073b017056c8a0ba3b10358802d0ed7"",""md5"":""c3edca91ac06ec15f9fe2691a575c6ef"",""file_size"":980748,""read_path"":""/allen/programs/allencell/data/proj0/d77/9a4/989/4cd/d05/dfb/e49/9f6/b72/818/6b/3500004429_100X_20210406-Scene-061-P61-E09_CellNucSegCombined.ome.tiff""},""provenance"":{""input_files"":[""6a40270cfa9a4a0a84bfc48f7b1b1ef0""],""algorithm_version"":""0.1.0"",""algorithm"":""dna_cell_segmentation_ML_v1""},""content_processing"":{""channels"":{""0"":{""processing_date"":""2021-05-13T23:49:55Z"",""run_id"":81180,""content_type"":""Nucleus segmentation"",""algorithm_version"":""0.1.0"",""algorithm"":""dna_cell_segmentation_ML_v1"",""content_type_id"":16,""algorithm_id"":124,""algorithm_info"":""dna_cell_segmentation_ML_v1-0.1.0""},""1"":{""processing_date"":""2021-05-13T23:49:55Z"",""run_id"":81180,""content_type"":""Membrane segmentation"",""algorithm_version"":""0.1.0"",""algorithm"":""dna_cell_segmentation_ML_v1"",""content_type_id"":17,""algorithm_id"":124,""algorithm_info"":""dna_cell_segmentation_ML_v1-0.1.0""},""2"":{""processing_date"":""2021-05-13T23:49:55Z"",""run_id"":81180,""content_type"":""Nucleus contour"",""algorithm_version"":""0.1.0"",""algorithm"":""dna_cell_segmentation_ML_v1"",""content_type_id"":19,""algorithm_id"":124,""algorithm_info"":""dna_cell_segmentation_ML_v1-0.1.0""},""3"":{""processing_date"":""2021-05-13T23:49:55Z"",""run_id"":81180,""content_type"":""Membrane contour"",""algorithm_version"":""0.1.0"",""algorithm"":""dna_cell_segmentation_ML_v1"",""content_type_id"":21,""algorithm_id"":124,""algorithm_info"":""dna_cell_segmentation_ML_v1-0.1.0""}},""cell_ids"":[1044715,1044716,1044717,1044718,1044719,1044720,1044721,1044722,1044723,1044724,1044725,1044726,1044727,1044728,1044729,1044730,1044731,1044732,1044733,1044734,1044735,1044736,1044737,1044738,1044739]},""microscopy"":{""qc"":""passed"",""plate_barcode"":""3500004429"",""plate_id"":6869,""imaging_date"":""2021-04-06T19:01:29Z"",""fov"":{""position_x"":74818.125,""position_y"":42348.083,""position_z"":8750.23,""acquisition_date"":""2021-04-06T19:01:29Z""},""well_name"":""E9"",""fov_id"":165612,""objective"":100,""well_id"":340469},""cell"":{""protocol"":{""name"":""Single Gene HDR Edit"",""protocol_id"":3,""cell_population_table_name"":""StemCellPopulation"",""protocol_group_id"":1},""passage"":35,""stage"":""Clones, final bank"",""population_id"":12632,""line"":""AICS-93"",""stage_id"":8,""edits"":[{""cr_rna_batch"":""TERF2_crRNA-1-B1"",""gene"":""TERF2"",""tag_location_id"":2,""cas9_batch_id"":2,""cas9_id"":1,""fluorescent_protein"":""mEGFP"",""cas9"":""spCas9"",""donor_plasmid_batch"":""TERF2-mEGFP"",""donor_plasmid"":""TERF2-mEGFP"",""donor_plasmid_id"":77,""cas9_batch"":""2017_Batch2"",""donor_plasmid_batch_id"":89,""cr_rna_id"":177,""cr_rna"":""TERF2_crRNA-1"",""cr_rna_batch_id"":192,""fluorescent_protein_id"":2,""gene_id"":61,""tag_location"":""N-terminus""}],""clone"":""25"",""line_id"":98,""parent_cell_population_id"":12621}}"
26890,d86a3e20f09b499f9dd3af862c3c68d8,31:14.0,165616,ZSD-1,/allen/programs/allencell/data/proj0/8d8/3c6/62c/af8/dd3/9f9/b49/f09/e20/6a3/d8/3500004429_100X_20210406-alignV2-Scene-031-P31-E08.ome.tiff,E8,3500004429,AICS-93,['Pipeline 4.8'],Mode A,TERF2,3500004429_100X_20210406-Scene-031-P31-E08_CellNucSegCombined.ome.tiff,/allen/programs/allencell/data/proj0/c01/96c/d70/73c/e2b/618/a4d/f13/e9d/54d/86/3500004429_100X_20210406-Scene-031-P31-E08_CellNucSegCombined.ome.tiff,"{""file"":{""original_path"":""/tmp/tmpfmjxan0u/3500004429_100X_20210406-Scene-031-P31-E08_CellNucSegCombined.ome.tiff"",""file_type"":""image"",""file_name"":""3500004429_100X_20210406-Scene-031-P31-E08_CellNucSegCombined.ome.tiff"",""job_id"":""d3e7954a72494083b7ecf723f3de113d"",""file_id"":""8654de9df13a4d618e2b73cd7096cc01"",""sha256"":""8975e0214025d50a5043f10e0ced71f4aeb3fee5a6f23aaad84a2b21cb5d8e24"",""md5"":""c6cd9a2ea5e00770ab0b13a8657e9698"",""file_size"":949900,""read_path"":""/allen/programs/allencell/data/proj0/c01/96c/d70/73c/e2b/618/a4d/f13/e9d/54d/86/3500004429_100X_20210406-Scene-031-P31-E08_CellNucSegCombined.ome.tiff""},""provenance"":{""input_files"":[""d86a3e20f09b499f9dd3af862c3c68d8""],""algorithm_version"":""0.1.0"",""algorithm"":""dna_cell_segmentation_ML_v1""},""content_processing"":{""channels"":{""0"":{""processing_date"":""2021-05-15T00:29:35Z"",""run_id"":81870,""content_type"":""Nucleus segmentation"",""algorithm_version"":""0.1.0"",""algorithm"":""dna_cell_segmentation_ML_v1"",""content_type_id"":16,""algorithm_id"":124,""algorithm_info"":""dna_cell_segmentation_ML_v1-0.1.0""},""1"":{""processing_date"":""2021-05-15T00:29:35Z"",""run_id"":81870,""content_type"":""Membrane segmentation"",""algorithm_version"":""0.1.0"",""algorithm"":""dna_cell_segmentation_ML_v1"",""content_type_id"":17,""algorithm_id"":124,""algorithm_info"":""dna_cell_segmentation_ML_v1-0.1.0""},""2"":{""processing_date"":""2021-05-15T00:29:35Z"",""run_id"":81870,""content_type"":""Nucleus contour"",""algorithm_version"":""0.1.0"",""algorithm"":""dna_cell_segmentation_ML_v1"",""content_type_id"":19,""algorithm_id"":124,""algorithm_info"":""dna_cell_segmentation_ML_v1-0.1.0""},""3"":{""processing_date"":""2021-05-15T00:29:35Z"",""run_id"":81870,""content_type"":""Membrane contour"",""algorithm_version"":""0.1.0"",""algorithm"":""dna_cell_segmentation_ML_v1"",""content_type_id"":21,""algorithm_id"":124,""algorithm_info"":""dna_cell_segmentation_ML_v1-0.1.0""}},""cell_ids"":[1045341,1045342,1045343,1045344,1045345,1045346,1045347,1045348,1045349,1045350,1045351,1045352,1045353,1045354,1045355,1045356,1045357,1045358,1045359,1045360,1045361,1045362,1045363,1045364,1045365,1045366]},""microscopy"":{""qc"":""passed"",""plate_barcode"":""3500004429"",""plate_id"":6869,""imaging_date"":""2021-04-06T18:31:14Z"",""fov"":{""position_x"":65476.755999999994,""position_y"":41603.856,""position_z"":8754.821,""acquisition_date"":""2021-04-06T18:31:14Z""},""well_name"":""E8"",""fov_id"":165616,""objective"":100,""well_id"":340468},""cell"":{""protocol"":{""name"":""Single Gene HDR Edit"",""protocol_id"":3,""cell_population_table_name"":""StemCellPopulation"",""protocol_group_id"":1},""passage"":35,""stage"":""Clones, final bank"",""population_id"":12632,""line"":""AICS-93"",""stage_id"":8,""edits"":[{""cr_rna_batch"":""TERF2_crRNA-1-B1"",""gene"":""TERF2"",""tag_location_id"":2,""cas9_batch_id"":2,""cas9_id"":1,""fluorescent_protein"":""mEGFP"",""cas9"":""spCas9"",""donor_plasmid_batch"":""TERF2-mEGFP"",""donor_plasmid"":""TERF2-mEGFP"",""donor_plasmid_id"":77,""cas9_batch"":""2017_Batch2"",""donor_plasmid_batch_id"":89,""cr_rna_id"":177,""cr_rna"":""TERF2_crRNA-1"",""cr_rna_batch_id"":192,""fluorescent_protein_id"":2,""gene_id"":61,""tag_location"":""N-terminus""}],""clone"":""25"",""line_id"":98,""parent_cell_population_id"":12621}}"
26894,99c52124b6344a21b8b03ead5a37d36c,28:11.0,165620,ZSD-1,/allen/programs/allencell/data/proj0/36c/37d/d5a/3ea/8b0/21b/44a/b63/124/c52/99/3500004429_100X_20210406-alignV2-Scene-028-P28-E08.ome.tiff,E8,3500004429,AICS-93,['Pipeline 4.8'],Mode A,TERF2,3500004429_100X_20210406-Scene-028-P28-E08_CellNucSegCombined.ome.tiff,/allen/programs/allencell/data/proj0/9cb/5f1/671/9a5/960/5d9/d48/668/95e/9e5/c5/3500004429_100X_20210406-Scene-028-P28-E08_CellNucSegCombined.ome.tiff,"{""file"":{""original_path"":""/tmp/tmpcj8wugdv/3500004429_100X_20210406-Scene-028-P28-E08_CellNucSegCombined.ome.tiff"",""file_type"":""image"",""file_name"":""3500004429_100X_20210406-Scene-028-P28-E08_CellNucSegCombined.ome.tiff"",""job_id"":""b4a165f1ded640f287fd6ba577d3a06c"",""file_id"":""c59e595e668d485d99609a56715f19cb"",""sha256"":""7418e719f9ddf916e500c939f271a2399fcea5a8d6a080f7b3499a3853d86f4d"",""md5"":""3aa82ce94be93ce020e7e49983afb3e9"",""file_size"":1131532,""read_path"":""/allen/programs/allencell/data/proj0/9cb/5f1/671/9a5/960/5d9/d48/668/95e/9e5/c5/3500004429_100X_20210406-Scene-028-P28-E08_CellNucSegCombined.ome.tiff""},""provenance"":{""input_files"":[""99c52124b6344a21b8b03ead5a37d36c""],""algorithm_version"":""0.1.0"",""algorithm"":""dna_cell_segmentation_ML_v1""},""content_processing"":{""channels"":{""0"":{""processing_date"":""2021-05-13T23:36:17Z"",""run_id"":81156,""content_type"":""Nucleus segmentation"",""algorithm_version"":""0.1.0"",""algorithm"":""dna_cell_segmentation_ML_v1"",""content_type_id"":16,""algorithm_id"":124,""algorithm_info"":""dna_cell_segmentation_ML_v1-0.1.0""},""1"":{""processing_date"":""2021-05-13T23:36:17Z"",""run_id"":81156,""content_type"":""Membrane segmentation"",""algorithm_version"":""0.1.0"",""algorithm"":""dna_cell_segmentation_ML_v1"",""content_type_id"":17,""algorithm_id"":124,""algorithm_info"":""dna_cell_segmentation_ML_v1-0.1.0""},""2"":{""processing_date"":""2021-05-13T23:36:17Z"",""run_id"":81156,""content_type"":""Nucleus contour"",""algorithm_version"":""0.1.0"",""algorithm"":""dna_cell_segmentation_ML_v1"",""content_type_id"":19,""algorithm_id"":124,""algorithm_info"":""dna_cell_segmentation_ML_v1-0.1.0""},""3"":{""processing_date"":""2021-05-13T23:36:17Z"",""run_id"":81156,""content_type"":""Membrane contour"",""algorithm_version"":""0.1.0"",""algorithm"":""dna_cell_segmentation_ML_v1"",""content_type_id"":21,""algorithm_id"":124,""algorithm_info"":""dna_cell_segmentation_ML_v1-0.1.0""}},""cell_ids"":[1044876,1044877,1044878,1044879,1044880,1044881,1044882,1044883,1044884,1044885,1044886,1044887,1044888,1044889,1044890,1044891,1044892,1044893,1044894,1044895,1044896,1044897,1044898,1044899,1044900,1044901,1044902,1044903,1044904,1044905]},""microscopy"":{""qc"":""passed"",""plate_barcode"":""3500004429"",""plate_id"":6869,""imaging_date"":""2021-04-06T18:28:11Z"",""fov"":{""position_x"":65311.125,""position_y"":39037.417,""position_z"":8755.92,""acquisition_date"":""2021-04-06T18:28:11Z""},""well_name"":""E8"",""fov_id"":165620,""objective"":100,""well_id"":340468},""cell"":{""protocol"":{""name"":""Single Gene HDR Edit"",""protocol_id"":3,""cell_population_table_name"":""StemCellPopulation"",""protocol_group_id"":1},""passage"":35,""stage"":""Clones, final bank"",""population_id"":12632,""line"":""AICS-93"",""stage_id"":8,""edits"":[{""cr_rna_batch"":""TERF2_crRNA-1-B1"",""gene"":""TERF2"",""tag_location_id"":2,""cas9_batch_id"":2,""cas9_id"":1,""fluorescent_protein"":""mEGFP"",""cas9"":""spCas9"",""donor_plasmid_batch"":""TERF2-mEGFP"",""donor_plasmid"":""TERF2-mEGFP"",""donor_plasmid_id"":77,""cas9_batch"":""2017_Batch2"",""donor_plasmid_batch_id"":89,""cr_rna_id"":177,""cr_rna"":""TERF2_crRNA-1"",""cr_rna_batch_id"":192,""fluorescent_protein_id"":2,""gene_id"":61,""tag_location"":""N-terminus""}],""clone"":""25"",""line_id"":98,""parent_cell_population_id"":12621}}"
26904,c31f8aa5a3bf4ceaaa9ad30f341d611c,03:29.0,165637,ZSD-1,/allen/programs/allencell/data/proj0/11c/1d6/f34/d30/a9a/eaa/f4c/a3b/aa5/1f8/c3/3500004429_100X_20210406-alignV2-Scene-063-P63-E09.ome.tiff,E9,3500004429,AICS-93,['Pipeline 4.8'],Mode A,TERF2,3500004429_100X_20210406-Scene-063-P63-E09_CellNucSegCombined.ome.tiff,/allen/programs/allencell/data/proj0/b36/8b1/b63/cd0/308/6ab/148/632/927/28a/d3/3500004429_100X_20210406-Scene-063-P63-E09_CellNucSegCombined.ome.tiff,"{""file"":{""original_path"":""/tmp/tmpwb9yk2eu/3500004429_100X_20210406-Scene-063-P63-E09_CellNucSegCombined.ome.tiff"",""file_type"":""image"",""file_name"":""3500004429_100X_20210406-Scene-063-P63-E09_CellNucSegCombined.ome.tiff"",""job_id"":""eb9115db98ca4bef95d09bc193b804c9"",""file_id"":""d328a9276321486ab308cd0b638b1b36"",""sha256"":""5957bddc31f66d6eec639dc37981f0a2f117453ba451c9410b0d2b872542f58d"",""md5"":""4cca02b6267efa8cfd22e8adbe1b5936"",""file_size"":1227661,""read_path"":""/allen/programs/allencell/data/proj0/b36/8b1/b63/cd0/308/6ab/148/632/927/28a/d3/3500004429_100X_20210406-Scene-063-P63-E09_CellNucSegCombined.ome.tiff""},""provenance"":{""input_files"":[""c31f8aa5a3bf4ceaaa9ad30f341d611c""],""algorithm_version"":""0.1.0"",""algorithm"":""dna_cell_segmentation_ML_v1""},""content_processing"":{""channels"":{""0"":{""processing_date"":""2021-05-14T00:10:04Z"",""run_id"":81217,""content_type"":""Nucleus segmentation"",""algorithm_version"":""0.1.0"",""algorithm"":""dna_cell_segmentation_ML_v1"",""content_type_id"":16,""algorithm_id"":124,""algorithm_info"":""dna_cell_segmentation_ML_v1-0.1.0""},""1"":{""processing_date"":""2021-05-14T00:10:04Z"",""run_id"":81217,""content_type"":""Membrane segmentation"",""algorithm_version"":""0.1.0"",""algorithm"":""dna_cell_segmentation_ML_v1"",""content_type_id"":17,""algorithm_id"":124,""algorithm_info"":""dna_cell_segmentation_ML_v1-0.1.0""},""2"":{""processing_date"":""2021-05-14T00:10:04Z"",""run_id"":81217,""content_type"":""Nucleus contour"",""algorithm_version"":""0.1.0"",""algorithm"":""dna_cell_segmentation_ML_v1"",""content_type_id"":19,""algorithm_id"":124,""algorithm_info"":""dna_cell_segmentation_ML_v1-0.1.0""},""3"":{""processing_date"":""2021-05-14T00:10:04Z"",""run_id"":81217,""content_type"":""Membrane contour"",""algorithm_version"":""0.1.0"",""algorithm"":""dna_cell_segmentation_ML_v1"",""content_type_id"":21,""algorithm_id"":124,""algorithm_info"":""dna_cell_segmentation_ML_v1-0.1.0""}},""cell_ids"":[1045144,1045145,1045146,1045147,1045148,1045149,1045150,1045151,1045152,1045153,1045154,1045155,1045156,1045157,1045158,1045159,1045160,1045161,1045162,1045163,1045164,1045165,1045166,1045167,1045168,1045169,1045170,1045171,1045172,1045173,1045174]},""microscopy"":{""qc"":""passed"",""plate_barcode"":""3500004429"",""plate_id"":6869,""imaging_date"":""2021-04-06T19:03:29Z"",""fov"":{""position_x"":75730.37599999999,""position_y"":38073.681000000004,""position_z"":8750.23,""acquisition_date"":""2021-04-06T19:03:29Z""},""well_name"":""E9"",""fov_id"":165637,""objective"":100,""well_id"":340469},""cell"":{""protocol"":{""name"":""Single Gene HDR Edit"",""protocol_id"":3,""cell_population_table_name"":""StemCellPopulation"",""protocol_group_id"":1},""passage"":35,""stage"":""Clones, final bank"",""population_id"":12632,""line"":""AICS-93"",""stage_id"":8,""edits"":[{""cr_rna_batch"":""TERF2_crRNA-1-B1"",""gene"":""TERF2"",""tag_location_id"":2,""cas9_batch_id"":2,""cas9_id"":1,""fluorescent_protein"":""mEGFP"",""cas9"":""spCas9"",""donor_plasmid_batch"":""TERF2-mEGFP"",""donor_plasmid"":""TERF2-mEGFP"",""donor_plasmid_id"":77,""cas9_batch"":""2017_Batch2"",""donor_plasmid_batch_id"":89,""cr_rna_id"":177,""cr_rna"":""TERF2_crRNA-1"",""cr_rna_batch_id"":192,""fluorescent_protein_id"":2,""gene_id"":61,""tag_location"":""N-terminus""}],""clone"":""25"",""line_id"":98,""parent_cell_population_id"":12621}}"
27598,a62987f7b2d542f888bbab0534698dba,32:03.0,170763,ZSD-1,/allen/programs/allencell/data/proj0/dba/698/534/ab0/8bb/f88/542/b2d/7f7/298/a6/3500004592_100X_ZSD1_20210623-alignV2-Scene-55-P55-F07.ome.tiff,F7,3500004592,AICS-93,['Pipeline 4.8'],Mode A,TERF2,,,
27599,71e05b7b9fa24a599cb2cbb6320f2743,31:02.0,170764,ZSD-1,/allen/programs/allencell/data/proj0/743/0f2/632/cbb/cb2/599/24a/9fa/b7b/e05/71/3500004592_100X_ZSD1_20210623-alignV2-Scene-54-P54-F07.ome.tiff,F7,3500004592,AICS-93,['Pipeline 4.8'],Mode A,TERF2,,,
27602,8705d3c8c7884f7987cee6ab642efb4c,55:34.0,170767,ZSD-1,/allen/programs/allencell/data/proj0/b4c/2ef/b64/e6a/7ce/798/84f/c78/3c8/05d/87/3500004592_100X_ZSD1_20210623-alignV2-Scene-19-P19-F06.ome.tiff,F6,3500004592,AICS-93,['Pipeline 4.8'],Mode A,TERF2,,,
27608,5aa4ef8abe754984bb13c823ae8b1b51,53:20.0,170773,ZSD-1,/allen/programs/allencell/data/proj0/b51/8b1/3ae/c82/b13/84b/549/be7/f8a/a4e/5a/3500004592_100X_ZSD1_20210623-alignV2-Scene-76-P76-F10.ome.tiff,F10,3500004592,AICS-93,['Pipeline 4.8'],Mode A,TERF2,,,
27623,dcfddba6a9d8455a824cef3d0d731a1c,56:21.0,170788,ZSD-1,/allen/programs/allencell/data/proj0/a1c/731/d0d/ef3/24c/5a8/845/a9d/ba6/fdd/dc/3500004592_100X_ZSD1_20210623-alignV2-Scene-79-P79-F10.ome.tiff,F10,3500004592,AICS-93,['Pipeline 4.8'],Mode A,TERF2,,,
27624,f1bbc448da0a48a6bcbb5a0140fbf68f,28:02.0,170789,ZSD-1,/allen/programs/allencell/data/proj0/68f/fbf/140/5a0/cbb/a6b/a48/da0/448/bbc/f1/3500004592_100X_ZSD1_20210623-alignV2-Scene-51-P51-F07.ome.tiff,F7,3500004592,AICS-93,['Pipeline 4.8'],Mode A,TERF2,,,
27627,7c6a849c34134c9caa56caa099171e0a,29:02.0,170792,ZSD-1,/allen/programs/allencell/data/proj0/e0a/171/099/caa/a56/9ca/34c/341/49c/6a8/7c/3500004592_100X_ZSD1_20210623-alignV2-Scene-52-P52-F07.ome.tiff,F7,3500004592,AICS-93,['Pipeline 4.8'],Mode A,TERF2,,,
27633,391c27b5a74d45e98e6cca379fa44f5b,22:58.0,170798,ZSD-1,/allen/programs/allencell/data/proj0/f5b/a44/79f/ca3/e6c/e98/d45/a74/7b5/1c2/39/3500004592_100X_ZSD1_20210623-alignV2-Scene-46-P46-F07.ome.tiff,F7,3500004592,AICS-93,['Pipeline 4.8'],Mode A,TERF2,,,
27635,40c88adef2b54266b5546cfa03b84f59,26:59.0,170800,ZSD-1,/allen/programs/allencell/data/proj0/f59/b84/a03/6cf/554/66b/542/f2b/ade/c88/40/3500004592_100X_ZSD1_20210623-alignV2-Scene-50-P50-F07.ome.tiff,F7,3500004592,AICS-93,['Pipeline 4.8'],Mode A,TERF2,,,
27640,5e36bc5c9e9246378237d85cc217a09b,54:20.0,170805,ZSD-1,/allen/programs/allencell/data/proj0/09b/17a/cc2/d85/237/378/246/9e9/c5c/36b/5e/3500004592_100X_ZSD1_20210623-alignV2-Scene-77-P77-F10.ome.tiff,F10,3500004592,AICS-93,['Pipeline 4.8'],Mode A,TERF2,,,
27642,8d4688f64fe0440097ac999f4574f056,56:34.0,170807,ZSD-1,/allen/programs/allencell/data/proj0/056/74f/f45/999/7ac/009/044/4fe/8f6/468/8d/3500004592_100X_ZSD1_20210623-alignV2-Scene-20-P20-F06.ome.tiff,F6,3500004592,AICS-93,['Pipeline 4.8'],Mode A,TERF2,,,
27646,8554d5fd0a5a4e26a32ee9c87220bc33,25:59.0,170811,ZSD-1,/allen/programs/allencell/data/proj0/c33/20b/872/e9c/32e/26a/a4e/0a5/5fd/54d/85/3500004592_100X_ZSD1_20210623-alignV2-Scene-49-P49-F07.ome.tiff,F7,3500004592,AICS-93,['Pipeline 4.8'],Mode A,TERF2,,,
27652,b2aed3287bc34616aa211e0ca89c9527,55:20.0,170817,ZSD-1,/allen/programs/allencell/data/proj0/527/9c9/ca8/1e0/a21/16a/346/7bc/328/aed/b2/3500004592_100X_ZSD1_20210623-alignV2-Scene-78-P78-F10.ome.tiff,F10,3500004592,AICS-93,['Pipeline 4.8'],Mode A,TERF2,,,
27658,4d914bff998945e4a5b561baee4d2fb3,30:02.0,170823,ZSD-1,/allen/programs/allencell/data/proj0/fb3/4d2/aee/61b/5b5/e4a/945/998/bff/914/4d/3500004592_100X_ZSD1_20210623-alignV2-Scene-53-P53-F07.ome.tiff,F7,3500004592,AICS-93,['Pipeline 4.8'],Mode A,TERF2,,,
27661,c0dc314e681a4f259c08922ba7c3ec6c,24:58.0,170826,ZSD-1,/allen/programs/allencell/data/proj0/c6c/c3e/ba7/922/c08/259/a4f/681/14e/dc3/c0/3500004592_100X_ZSD1_20210623-alignV2-Scene-48-P48-F07.ome.tiff,F7,3500004592,AICS-93,['Pipeline 4.8'],Mode A,TERF2,,,
27668,3ba2c50d11a04c4daea1bcf06e1c9f73,53:33.0,170833,ZSD-1,/allen/programs/allencell/data/proj0/f73/1c9/06e/bcf/ea1/4da/04c/11a/50d/a2c/3b/3500004592_100X_ZSD1_20210623-alignV2-Scene-17-P17-F06.ome.tiff,F6,3500004592,AICS-93,['Pipeline 4.8'],Mode A,TERF2,,,
27669,9a74e5db4b844d51a065c9e150c5cf52,57:21.0,170834,ZSD-1,/allen/programs/allencell/data/proj0/f52/c5c/150/c9e/065/51a/44d/4b8/5db/74e/9a/3500004592_100X_ZSD1_20210623-alignV2-Scene-80-P80-F10.ome.tiff,F10,3500004592,AICS-93,['Pipeline 4.8'],Mode A,TERF2,,,
27671,ccdb3a2ed7e04e6bb741c8e1133f5c95,23:58.0,170836,ZSD-1,/allen/programs/allencell/data/proj0/c95/3f5/113/c8e/741/6bb/04e/d7e/a2e/db3/cc/3500004592_100X_ZSD1_20210623-alignV2-Scene-47-P47-F07.ome.tiff,F7,3500004592,AICS-93,['Pipeline 4.8'],Mode A,TERF2,,,
27674,8656dd052b144c48afadc9209e0a38cd,06:44.0,170839,ZSD-1,/allen/programs/allencell/data/proj0/8cd/0a3/09e/c92/fad/48a/44c/2b1/d05/56d/86/3500004579_100X_ZSD1_20210616-alignV2-Scene-86-P86-F09.ome.tiff,F9,3500004579,AICS-93,['Pipeline 4.8'],Mode A,TERF2,,,
27685,3172f8d2dbe940e1b93eaebca41c6d60,24:04.0,170850,ZSD-1,/allen/programs/allencell/data/proj0/d60/1c6/ca4/aeb/93e/e1b/940/dbe/8d2/72f/31/3500004579_100X_ZSD1_20210616-alignV2-Scene-44-P44-F08.ome.tiff,F8,3500004579,AICS-93,['Pipeline 4.8'],Mode A,TERF2,,,
27688,e3e8d9e45c2f4e90953729bdfcb40ca0,25:04.0,170853,ZSD-1,/allen/programs/allencell/data/proj0/ca0/b40/dfc/29b/537/909/f4e/5c2/9e4/e8d/e3/3500004579_100X_ZSD1_20210616-alignV2-Scene-45-P45-F08.ome.tiff,F8,3500004579,AICS-93,['Pipeline 4.8'],Mode A,TERF2,,,
27689,b44dd681b7e84952aae839685bd06856,52:33.0,170854,ZSD-1,/allen/programs/allencell/data/proj0/856/d06/85b/396/ae8/52a/849/b7e/681/4dd/b4/3500004592_100X_ZSD1_20210623-alignV2-Scene-16-P16-F06.ome.tiff,F6,3500004592,AICS-93,['Pipeline 4.8'],Mode A,TERF2,,,
27690,9d86fd24c9894e2790871e95f68f40f5,57:48.0,170855,ZSD-1,/allen/programs/allencell/data/proj0/0f5/8f4/5f6/1e9/087/279/94e/c98/d24/86f/9d/3500004579_100X_ZSD1_20210616-alignV2-Scene-18-P18-F06.ome.tiff,F6,3500004579,AICS-93,['Pipeline 4.8'],Mode A,TERF2,,,
27695,2a2f72c3acdc4101bdba91fe7148dce9,21:03.0,170860,ZSD-1,/allen/programs/allencell/data/proj0/ce9/48d/e71/91f/dba/01b/c41/acd/2c3/2f7/2a/3500004579_100X_ZSD1_20210616-alignV2-Scene-41-P41-F08.ome.tiff,F8,3500004579,AICS-93,['Pipeline 4.8'],Mode A,TERF2,,,
27697,7bada72d5ec24d3583028a4e59dbe201,09:45.0,170862,ZSD-1,/allen/programs/allencell/data/proj0/201/dbe/e59/8a4/302/358/24d/5ec/72d/ada/7b/3500004579_100X_ZSD1_20210616-alignV2-Scene-89-P89-F09.ome.tiff,F9,3500004579,AICS-93,['Pipeline 4.8'],Mode A,TERF2,,,
27704,6f6d215349914185ac8296f761573840,05:41.0,170869,ZSD-1,/allen/programs/allencell/data/proj0/840/573/761/96f/c82/85a/141/499/153/6d2/6f/3500004579_100X_ZSD1_20210616-alignV2-Scene-85-P85-F09.ome.tiff,F9,3500004579,AICS-93,['Pipeline 4.8'],Mode A,TERF2,,,
27705,3f81ae25981c456fbb7eb57972b95ce0,23:04.0,170870,ZSD-1,/allen/programs/allencell/data/proj0/ce0/b95/972/b57/b7e/6fb/c45/981/e25/81a/3f/3500004579_100X_ZSD1_20210616-alignV2-Scene-43-P43-F08.ome.tiff,F8,3500004579,AICS-93,['Pipeline 4.8'],Mode A,TERF2,,,
27709,1d4996a8042a4f50a4c8fc68b9fbd899,54:34.0,170874,ZSD-1,/allen/programs/allencell/data/proj0/899/fbd/8b9/fc6/4c8/50a/a4f/042/6a8/499/1d/3500004592_100X_ZSD1_20210623-alignV2-Scene-18-P18-F06.ome.tiff,F6,3500004592,AICS-93,['Pipeline 4.8'],Mode A,TERF2,,,
27713,09d88976881c4b2f88a9a82742f461ba,03:41.0,170878,ZSD-1,/allen/programs/allencell/data/proj0/1ba/f46/742/a82/8a9/2f8/c4b/881/976/d88/09/3500004579_100X_ZSD1_20210616-alignV2-Scene-83-P83-F09.ome.tiff,F9,3500004579,AICS-93,['Pipeline 4.8'],Mode A,TERF2,,,
27721,7ec6d584969f480297e37ad42f7d6891,26:09.0,170886,ZSD-1,/allen/programs/allencell/data/proj0/891/7d6/42f/7ad/7e3/029/f48/969/584/c6d/7e/3500004579_100X_ZSD1_20210616-alignV2-Scene-46-P46-F08.ome.tiff,F8,3500004579,AICS-93,['Pipeline 4.8'],Mode A,TERF2,,,
27724,0274d27ce7744c738fa01d75b950694b,07:44.0,170889,ZSD-1,/allen/programs/allencell/data/proj0/94b/506/5b9/1d7/fa0/738/44c/e77/27c/74d/02/3500004579_100X_ZSD1_20210616-alignV2-Scene-87-P87-F09.ome.tiff,F9,3500004579,AICS-93,['Pipeline 4.8'],Mode A,TERF2,,,
27734,4e915c876464434d854098a52eb2b609,56:48.0,170899,ZSD-1,/allen/programs/allencell/data/proj0/609/b2b/52e/98a/540/4d8/443/646/c87/915/4e/3500004579_100X_ZSD1_20210616-alignV2-Scene-17-P17-F06.ome.tiff,F6,3500004579,AICS-93,['Pipeline 4.8'],Mode A,TERF2,,,
27735,6b6a67ad42974617b4fc2303e141d8e2,02:40.0,170900,ZSD-1,/allen/programs/allencell/data/proj0/8e2/41d/3e1/230/4fc/17b/746/429/7ad/6a6/6b/3500004579_100X_ZSD1_20210616-alignV2-Scene-82-P82-F09.ome.tiff,F9,3500004579,AICS-93,['Pipeline 4.8'],Mode A,TERF2,,,
27738,0e6bcb85a4034206ad592905937033a0,10:45.0,170903,ZSD-1,/allen/programs/allencell/data/proj0/3a0/703/593/290/d59/06a/342/a40/b85/6bc/0e/3500004579_100X_ZSD1_20210616-alignV2-Scene-90-P90-F09.ome.tiff,F9,3500004579,AICS-93,['Pipeline 4.8'],Mode A,TERF2,,,
27740,1b86af9efc5440fab8d86a29214e9459,05:40.0,170905,ZSD-1,/allen/programs/allencell/data/proj0/459/4e9/921/6a2/8d8/fab/440/fc5/f9e/86a/1b/3500004565_100X_ZSD1_20210615-alignV2-Scene-82-P83-F04.ome.tiff,F4,3500004565,AICS-93,['Pipeline 4.8'],Mode A,TERF2,,,
27742,f35a53a7e56c450daa37c373107fb5f1,21:02.0,170907,ZSD-1,/allen/programs/allencell/data/proj0/5f1/7fb/310/c37/a37/0da/c45/e56/3a7/5a5/f3/3500004565_100X_ZSD1_20210615-alignV2-Scene-38-P39-F03.ome.tiff,F3,3500004565,AICS-93,['Pipeline 4.8'],Mode A,TERF2,,,
27744,135da0e9e44042e8aaefbef28818cc5e,07:41.0,170909,ZSD-1,/allen/programs/allencell/data/proj0/c5e/18c/288/bef/aef/e8a/042/e44/0e9/5da/13/3500004565_100X_ZSD1_20210615-alignV2-Scene-84-P85-F04.ome.tiff,F4,3500004565,AICS-93,['Pipeline 4.8'],Mode A,TERF2,,,
27745,77171cc6416a468184f3ada4a700de48,59:48.0,170910,ZSD-1,/allen/programs/allencell/data/proj0/e48/00d/4a7/ada/4f3/818/a46/416/cc6/171/77/3500004579_100X_ZSD1_20210616-alignV2-Scene-20-P20-F06.ome.tiff,F6,3500004579,AICS-93,['Pipeline 4.8'],Mode A,TERF2,,,
27748,e17206c591c04e7c88e463109b39d5da,04:41.0,170913,ZSD-1,/allen/programs/allencell/data/proj0/5da/39d/09b/631/8e4/7c8/04e/91c/6c5/720/e1/3500004579_100X_ZSD1_20210616-alignV2-Scene-84-P84-F09.ome.tiff,F9,3500004579,AICS-93,['Pipeline 4.8'],Mode A,TERF2,,,
27750,edcec2b869314d7bb5c01772600ee79b,15:58.0,170915,ZSD-1,/allen/programs/allencell/data/proj0/79b/0ee/260/177/5c0/7bb/14d/693/2b8/cec/ed/3500004565_100X_ZSD1_20210615-alignV2-Scene-33-P34-F03.ome.tiff,F3,3500004565,AICS-93,['Pipeline 4.8'],Mode A,TERF2,,,
27752,1e4d3648c1bd4582bd51270e9afdd72f,08:41.0,170917,ZSD-1,/allen/programs/allencell/data/proj0/72f/fdd/e9a/270/d51/82b/d45/c1b/648/4d3/1e/3500004565_100X_ZSD1_20210615-alignV2-Scene-85-P86-F04.ome.tiff,F4,3500004565,AICS-93,['Pipeline 4.8'],Mode A,TERF2,,,
27755,8b631279b0fb4b578136cffd0e9838ac,01:40.0,170920,ZSD-1,/allen/programs/allencell/data/proj0/8ac/983/d0e/cff/136/578/b4b/b0f/279/631/8b/3500004579_100X_ZSD1_20210616-alignV2-Scene-81-P81-F09.ome.tiff,F9,3500004579,AICS-93,['Pipeline 4.8'],Mode A,TERF2,,,
27765,34bfe778454d49919ddd2f5687ddf789,51:44.0,170930,ZSD-1,/allen/programs/allencell/data/proj0/789/ddf/687/2f5/ddd/919/d49/454/778/bfe/34/3500004565_100X_ZSD1_20210615-alignV2-Scene-09-P9-F02.ome.tiff,F2,3500004565,AICS-93,['Pipeline 4.8'],Mode A,TERF2,,,
27776,237e9bdeeebf44b0b93f740fb2b8b502,19:02.0,170941,ZSD-1,/allen/programs/allencell/data/proj0/502/b8b/fb2/740/93f/b0b/f44/eeb/bde/7e9/23/3500004565_100X_ZSD1_20210615-alignV2-Scene-36-P37-F03.ome.tiff,F3,3500004565,AICS-93,['Pipeline 4.8'],Mode A,TERF2,,,
27780,a24c84654cb4403ebd05ca4c33772c1a,58:48.0,170945,ZSD-1,/allen/programs/allencell/data/proj0/c1a/772/c33/ca4/d05/3eb/440/4cb/465/4c8/a2/3500004579_100X_ZSD1_20210616-alignV2-Scene-19-P19-F06.ome.tiff,F6,3500004579,AICS-93,['Pipeline 4.8'],Mode A,TERF2,,,
27788,f021bcf9529a452ca4ef4046e1d8c174,57:47.0,170953,ZSD-1,/allen/programs/allencell/data/proj0/174/d8c/6e1/404/4ef/2ca/a45/529/cf9/21b/f0/3500004565_100X_ZSD1_20210615-alignV2-Scene-15-P15-F02.ome.tiff,F2,3500004565,AICS-93,['Pipeline 4.8'],Mode A,TERF2,,,
27792,957c6b1e8e2048cca5bd7747899373a6,02:37.0,170957,ZSD-1,/allen/programs/allencell/data/proj0/3a6/937/789/774/5bd/cca/048/8e2/b1e/7c6/95/3500004565_100X_ZSD1_20210615-alignV2-Scene-79-P80-F04.ome.tiff,F4,3500004565,AICS-93,['Pipeline 4.8'],Mode A,TERF2,,,
27793,9086c248ef6f4880bd90b6885648f906,55:48.0,170958,ZSD-1,/allen/programs/allencell/data/proj0/906/48f/856/b68/d90/80b/f48/ef6/248/86c/90/3500004579_100X_ZSD1_20210616-alignV2-Scene-16-P16-F06.ome.tiff,F6,3500004579,AICS-93,['Pipeline 4.8'],Mode A,TERF2,,,
27797,336f2c6e5c874a7ebee417f1125148a7,08:45.0,170962,ZSD-1,/allen/programs/allencell/data/proj0/8a7/514/112/17f/ee4/7eb/74a/5c8/c6e/6f2/33/3500004579_100X_ZSD1_20210616-alignV2-Scene-88-P88-F09.ome.tiff,F9,3500004579,AICS-93,['Pipeline 4.8'],Mode A,TERF2,,,
27799,a4d588f0fca3408fb5cc76cc89fd8c5c,04:40.0,170964,ZSD-1,/allen/programs/allencell/data/proj0/c5c/fd8/c89/76c/5cc/8fb/340/fca/8f0/d58/a4/3500004565_100X_ZSD1_20210615-alignV2-Scene-81-P82-F04.ome.tiff,F4,3500004565,AICS-93,['Pipeline 4.8'],Mode A,TERF2,,,
27802,22c617e0bb2f4af8b732c0bd55b7c315,22:04.0,170967,ZSD-1,/allen/programs/allencell/data/proj0/315/b7c/d55/c0b/732/f8b/f4a/bb2/7e0/c61/22/3500004579_100X_ZSD1_20210616-alignV2-Scene-42-P42-F08.ome.tiff,F8,3500004579,AICS-93,['Pipeline 4.8'],Mode A,TERF2,,,
27805,1d50ac3837df457384b1ae7d224b9f11,54:47.0,170970,ZSD-1,/allen/programs/allencell/data/proj0/f11/4b9/d22/ae7/4b1/738/f45/37d/c38/50a/1d/3500004565_100X_ZSD1_20210615-alignV2-Scene-12-P12-F02.ome.tiff,F2,3500004565,AICS-93,['Pipeline 4.8'],Mode A,TERF2,,,
27811,dd6da32f24214d7dab82b080d111ffa8,18:09.0,170976,ZSD-1,/allen/programs/allencell/data/proj0/fa8/11f/0d1/b08/b82/7da/14d/242/32f/6da/dd/3500004598_100X_ZSD1_20210624-alignV2-Scene-087-P49-F04.ome.tiff,F4,3500004598,AICS-93,['Pipeline 4.8'],Mode A,TERF2,,,
27818,a470ab93bcad48f185117a6f82918d00,22:02.0,170983,ZSD-1,/allen/programs/allencell/data/proj0/d00/918/f82/7a6/511/f18/d48/bca/b93/70a/a4/3500004565_100X_ZSD1_20210615-alignV2-Scene-39-P40-F03.ome.tiff,F3,3500004565,AICS-93,['Pipeline 4.8'],Mode A,TERF2,,,
27827,771b94a3e05b48628db7ba8432481fb3,06:40.0,170992,ZSD-1,/allen/programs/allencell/data/proj0/fb3/481/432/ba8/db7/628/b48/e05/4a3/1b9/77/3500004565_100X_ZSD1_20210615-alignV2-Scene-83-P84-F04.ome.tiff,F4,3500004565,AICS-93,['Pipeline 4.8'],Mode A,TERF2,,,
27830,481ec01f7ffe49dfa56286054a36985c,01:37.0,170995,ZSD-1,/allen/programs/allencell/data/proj0/85c/369/54a/860/562/dfa/e49/7ff/01f/1ec/48/3500004565_100X_ZSD1_20210615-alignV2-Scene-78-P79-F04.ome.tiff,F4,3500004565,AICS-93,['Pipeline 4.8'],Mode A,TERF2,,,
27832,d8b05140fbee45908575c7a0ad2f362d,00:37.0,170997,ZSD-1,/allen/programs/allencell/data/proj0/62d/2f3/0ad/c7a/575/908/e45/fbe/140/b05/d8/3500004565_100X_ZSD1_20210615-alignV2-Scene-77-P78-F04.ome.tiff,F4,3500004565,AICS-93,['Pipeline 4.8'],Mode A,TERF2,,,
27834,ad060051d169408987e0b7c691ae3011,59:37.0,170999,ZSD-1,/allen/programs/allencell/data/proj0/011/ae3/691/b7c/7e0/898/940/d16/051/060/ad/3500004565_100X_ZSD1_20210615-alignV2-Scene-76-P77-F04.ome.tiff,F4,3500004565,AICS-93,['Pipeline 4.8'],Mode A,TERF2,,,
27837,5ab6664fb68847b8ae769a3ce547017f,56:47.0,171002,ZSD-1,/allen/programs/allencell/data/proj0/17f/470/ce5/9a3/e76/b8a/847/b68/64f/b66/5a/3500004565_100X_ZSD1_20210615-alignV2-Scene-14-P14-F02.ome.tiff,F2,3500004565,AICS-93,['Pipeline 4.8'],Mode A,TERF2,,,
27841,fd505d32a5294ece88aed50c6c16a6dc,48:44.0,171006,ZSD-1,/allen/programs/allencell/data/proj0/6dc/16a/c6c/d50/8ae/ce8/94e/a52/d32/505/fd/3500004565_100X_ZSD1_20210615-alignV2-Scene-06-P6-F02.ome.tiff,F2,3500004565,AICS-93,['Pipeline 4.8'],Mode A,TERF2,,,
27847,f0e73ea0525f4ff3ace73954174185d6,23:02.0,171012,ZSD-1,/allen/programs/allencell/data/proj0/5d6/418/417/395/ce7/f3a/f4f/525/ea0/e73/f0/3500004565_100X_ZSD1_20210615-alignV2-Scene-40-P41-F03.ome.tiff,F3,3500004565,AICS-93,['Pipeline 4.8'],Mode A,TERF2,,,
27850,38dc614d0f724fd298e61034db097bee,16:58.0,171015,ZSD-1,/allen/programs/allencell/data/proj0/bee/097/4db/103/8e6/d29/24f/0f7/14d/dc6/38/3500004565_100X_ZSD1_20210615-alignV2-Scene-34-P35-F03.ome.tiff,F3,3500004565,AICS-93,['Pipeline 4.8'],Mode A,TERF2,,,
27853,94fb59056d114532ab45c335a0b283da,13:58.0,171018,ZSD-1,/allen/programs/allencell/data/proj0/3da/b28/5a0/c33/b45/32a/145/6d1/905/fb5/94/3500004565_100X_ZSD1_20210615-alignV2-Scene-31-P32-F03.ome.tiff,F3,3500004565,AICS-93,['Pipeline 4.8'],Mode A,TERF2,,,
27854,462bf7c875d64925a6b2a676e6fdb106,55:47.0,171019,ZSD-1,/allen/programs/allencell/data/proj0/106/fdb/6e6/a67/6b2/25a/649/75d/7c8/2bf/46/3500004565_100X_ZSD1_20210615-alignV2-Scene-13-P13-F02.ome.tiff,F2,3500004565,AICS-93,['Pipeline 4.8'],Mode A,TERF2,,,
27855,2db79b30e79f46a7909b12b0b3b0efc6,49:44.0,171020,ZSD-1,/allen/programs/allencell/data/proj0/fc6/b0e/0b3/12b/09b/a79/f46/e79/b30/b79/2d/3500004565_100X_ZSD1_20210615-alignV2-Scene-07-P7-F02.ome.tiff,F2,3500004565,AICS-93,['Pipeline 4.8'],Mode A,TERF2,,,
27859,69a2d65154a74d1292d096b6f18ac3bc,20:02.0,171024,ZSD-1,/allen/programs/allencell/data/proj0/3bc/8ac/6f1/96b/2d0/129/74d/54a/651/a2d/69/3500004565_100X_ZSD1_20210615-alignV2-Scene-37-P38-F03.ome.tiff,F3,3500004565,AICS-93,['Pipeline 4.8'],Mode A,TERF2,,,
27860,be3c17796df042c8893977c12870b042,50:44.0,171025,ZSD-1,/allen/programs/allencell/data/proj0/042/70b/128/77c/939/c88/042/6df/779/3c1/be/3500004565_100X_ZSD1_20210615-alignV2-Scene-08-P8-F02.ome.tiff,F2,3500004565,AICS-93,['Pipeline 4.8'],Mode A,TERF2,,,
27861,4f6134a9f72a4ef5a3f595e65c036a67,17:59.0,171026,ZSD-1,/allen/programs/allencell/data/proj0/a67/036/65c/95e/3f5/f5a/a4e/f72/4a9/613/4f/3500004565_100X_ZSD1_20210615-alignV2-Scene-35-P36-F03.ome.tiff,F3,3500004565,AICS-93,['Pipeline 4.8'],Mode A,TERF2,,,
27862,6b84c94ac6544e6e897ecaf3af42829a,14:58.0,171027,ZSD-1,/allen/programs/allencell/data/proj0/29a/428/3af/caf/97e/6e8/44e/c65/94a/84c/6b/3500004565_100X_ZSD1_20210615-alignV2-Scene-32-P33-F03.ome.tiff,F3,3500004565,AICS-93,['Pipeline 4.8'],Mode A,TERF2,,,
27866,e136c26ad7484bdca16e95053bd07c81,53:47.0,171031,ZSD-1,/allen/programs/allencell/data/proj0/c81/d07/53b/950/16e/dca/84b/d74/26a/36c/e1/3500004565_100X_ZSD1_20210615-alignV2-Scene-11-P11-F02.ome.tiff,F2,3500004565,AICS-93,['Pipeline 4.8'],Mode A,TERF2,,,
27869,e58378fdccba42a6a81784b4149db892,03:37.0,171034,ZSD-1,/allen/programs/allencell/data/proj0/892/9db/414/84b/817/a6a/a42/ccb/8fd/837/e5/3500004565_100X_ZSD1_20210615-alignV2-Scene-80-P81-F04.ome.tiff,F4,3500004565,AICS-93,['Pipeline 4.8'],Mode A,TERF2,,,
27872,2a3e6182a48a4d36b60da982dc1654c1,52:45.0,171037,ZSD-1,/allen/programs/allencell/data/proj0/4c1/165/2dc/a98/60d/36b/a4d/a48/182/3e6/2a/3500004565_100X_ZSD1_20210615-alignV2-Scene-10-P10-F02.ome.tiff,F2,3500004565,AICS-93,['Pipeline 4.8'],Mode A,TERF2,,,
27882,dcd2af5bfb2047e7a0bbe85afe378ad5,48:27.0,171047,ZSD-1,/allen/programs/allencell/data/proj0/ad5/378/afe/e85/0bb/e7a/047/fb2/f5b/d2a/dc/3500004598_100X_ZSD1_20210624-alignV2-Scene-117-P98-F05.ome.tiff,F5,3500004598,AICS-93,['Pipeline 4.8'],Mode A,TERF2,,,
27893,9a92158d91f842e4bd41433e50073ee5,47:27.0,171058,ZSD-1,/allen/programs/allencell/data/proj0/ee5/073/e50/433/d41/e4b/842/91f/58d/921/9a/3500004598_100X_ZSD1_20210624-alignV2-Scene-116-P97-F05.ome.tiff,F5,3500004598,AICS-93,['Pipeline 4.8'],Mode A,TERF2,,,
27895,57322d3c9cd64aa0a5e96aae6f345ddb,43:24.0,171060,ZSD-1,/allen/programs/allencell/data/proj0/ddb/345/e6f/6aa/5e9/a0a/64a/9cd/d3c/322/57/3500004598_100X_ZSD1_20210624-alignV2-Scene-112-P91-F05.ome.tiff,F5,3500004598,AICS-93,['Pipeline 4.8'],Mode A,TERF2,,,
27897,8d4236b603cf42e39201bcbe3e837a15,49:27.0,171062,ZSD-1,/allen/programs/allencell/data/proj0/a15/837/e3e/bcb/201/e39/f42/03c/6b6/423/8d/3500004598_100X_ZSD1_20210624-alignV2-Scene-118-P99-F05.ome.tiff,F5,3500004598,AICS-93,['Pipeline 4.8'],Mode A,TERF2,,,
27899,60860887567b41cc8967301785683a1d,17:09.0,171064,ZSD-1,/allen/programs/allencell/data/proj0/a1d/683/785/301/967/cc8/b41/567/887/860/60/3500004598_100X_ZSD1_20210624-alignV2-Scene-086-P48-F04.ome.tiff,F4,3500004598,AICS-93,['Pipeline 4.8'],Mode A,TERF2,,,
27902,63317b15ad5647e286cd6f324af8453a,19:08.0,171067,ZSD-1,/allen/programs/allencell/data/proj0/53a/f84/24a/6f3/6cd/e28/647/ad5/b15/317/63/3500004598_100X_ZSD1_20210624-alignV2-Scene-088-P50-F04.ome.tiff,F4,3500004598,AICS-93,['Pipeline 4.8'],Mode A,TERF2,,,
27909,7ae9404ef80b46ae9c6c01469b6f821e,50:27.0,171074,ZSD-1,/allen/programs/allencell/data/proj0/21e/6f8/69b/014/c6c/ae9/b46/f80/04e/e94/7a/3500004598_100X_ZSD1_20210624-alignV2-Scene-119-P100-F05.ome.tiff,F5,3500004598,AICS-93,['Pipeline 4.8'],Mode A,TERF2,,,
27921,dabe9326828d47cbbd371607017e5b55,54:47.0,171087,ZSD-1,/allen/programs/allencell/data/proj0/b55/7e5/701/160/d37/cbb/d47/828/326/be9/da/3500004636_100X_20210727_PM-alignV2-Scene-109-P109-F10.ome.tiff,F10,3500004636,AICS-93,['Pipeline 4.8'],Mode A,TERF2,,,
27922,71bbfea4b4f64e89afb34d70e64499a2,14:59.0,171088,ZSD-1,/allen/programs/allencell/data/proj0/9a2/449/0e6/4d7/fb3/89a/64e/b4f/ea4/bbf/71/3500004636_100X_20210727_PM-alignV2-Scene-070-P70-F09.ome.tiff,F9,3500004636,AICS-93,['Pipeline 4.8'],Mode A,TERF2,,,
27923,fabc54850bec48fc92fac4397b072c44,30:10.0,171089,ZSD-1,/allen/programs/allencell/data/proj0/c44/072/97b/c43/2fa/fc9/c48/0be/485/bc5/fa/3500004636_100X_20210727_PM-alignV2-Scene-026-P26-F08.ome.tiff,F8,3500004636,AICS-93,['Pipeline 4.8'],Mode A,TERF2,,,
27925,5553d516581e49e38a340804078a835d,20:05.0,171091,ZSD-1,/allen/programs/allencell/data/proj0/35d/8a8/407/080/a34/e38/e49/581/516/53d/55/3500004636_100X_20210727_PM-alignV2-Scene-075-P75-F09.ome.tiff,F9,3500004636,AICS-93,['Pipeline 4.8'],Mode A,TERF2,,,
27935,44f8f3216852463683e6fb8d73313578,19:24.0,171101,ZSD-1,/allen/programs/allencell/data/proj0/578/313/d73/fb8/3e6/368/246/685/321/f8f/44/3500004636_100X_20210727_AM-alignV2-Scene-67-P67-F07.ome.tiff,F7,3500004636,AICS-93,['Pipeline 4.8'],Mode A,TERF2,,,
27942,a00cd7f9409d4f2abb385265a7173b5d,29:06.0,171108,ZSD-1,/allen/programs/allencell/data/proj0/b5d/173/5a7/526/b38/2ab/d4f/409/7f9/0cd/a0/3500004636_100X_20210727_PM-alignV2-Scene-025-P25-F08.ome.tiff,F8,3500004636,AICS-93,['Pipeline 4.8'],Mode A,TERF2,,,
27949,9f1041909d064887bfda2f417e4c9278,17:03.0,171120,ZSD-1,/allen/programs/allencell/data/proj0/278/4c9/17e/2f4/fda/87b/648/9d0/190/104/9f/3500004636_100X_20210727_PM-alignV2-Scene-072-P72-F09.ome.tiff,F9,3500004636,AICS-93,['Pipeline 4.8'],Mode A,TERF2,,,
27950,5f5ba25bb970455da6da3de4f3b17fd2,41:43.0,171123,ZSD-1,/allen/programs/allencell/data/proj0/fd2/b17/4f3/3de/6da/5da/045/b97/25b/5ba/5f/3500004636_100X_20210727_AM-alignV2-Scene-30-P30-F06.ome.tiff,F6,3500004636,AICS-93,['Pipeline 4.8'],Mode A,TERF2,,,
27953,3ff1f3e7c24e4d07bceb792b97574252,36:39.0,171127,ZSD-1,/allen/programs/allencell/data/proj0/252/574/b97/792/ceb/07b/e4d/c24/3e7/f1f/3f/3500004636_100X_20210727_AM-alignV2-Scene-25-P25-F06.ome.tiff,F6,3500004636,AICS-93,['Pipeline 4.8'],Mode A,TERF2,,,
27957,e2a29225e57547daba72b98123b40f03,39:43.0,171131,ZSD-1,/allen/programs/allencell/data/proj0/f03/b40/123/b98/a72/dab/547/e57/225/a29/e2/3500004636_100X_20210727_AM-alignV2-Scene-28-P28-F06.ome.tiff,F6,3500004636,AICS-93,['Pipeline 4.8'],Mode A,TERF2,,,
27966,f34149e0c297448393a999a751112e8d,55:48.0,171140,ZSD-1,/allen/programs/allencell/data/proj0/e8d/112/751/99a/3a9/839/744/c29/9e0/414/f3/3500004636_100X_20210727_PM-alignV2-Scene-110-P110-F10.ome.tiff,F10,3500004636,AICS-93,['Pipeline 4.8'],Mode A,TERF2,,,
27968,cbe08e04cc0244b19c85605865a597a6,35:38.0,171142,ZSD-1,/allen/programs/allencell/data/proj0/7a6/a59/865/605/c85/b19/244/cc0/e04/e08/cb/3500004636_100X_20210727_AM-alignV2-Scene-24-P24-F06.ome.tiff,F6,3500004636,AICS-93,['Pipeline 4.8'],Mode A,TERF2,,,
27976,8f6243fc50744e4686881a989fe4db14,12:59.0,171150,ZSD-1,/allen/programs/allencell/data/proj0/b14/e4d/89f/1a9/688/468/44e/507/3fc/624/8f/3500004636_100X_20210727_PM-alignV2-Scene-068-P68-F09.ome.tiff,F9,3500004636,AICS-93,['Pipeline 4.8'],Mode A,TERF2,,,
27978,a6552e7eda2b4d3c8cd4fd1809ccb104,37:42.0,171152,ZSD-1,/allen/programs/allencell/data/proj0/104/ccb/809/fd1/cd4/3c8/b4d/da2/e7e/552/a6/3500004636_100X_20210727_AM-alignV2-Scene-26-P26-F06.ome.tiff,F6,3500004636,AICS-93,['Pipeline 4.8'],Mode A,TERF2,,,
27989,02b7f7c7a6914a389d5ef52294a51dff,00:55.0,171163,ZSD-1,/allen/programs/allencell/data/proj0/dff/a51/294/f52/d5e/389/14a/a69/7c7/b7f/02/3500004636_100X_20210727_PM-alignV2-Scene-115-P115-F10.ome.tiff,F10,3500004636,AICS-93,['Pipeline 4.8'],Mode A,TERF2,,,
28003,f2858414dea8406b915712da61a8e3f8,32:11.0,171177,ZSD-1,/allen/programs/allencell/data/proj0/3f8/a8e/a61/12d/157/6b9/840/dea/414/858/f2/3500004636_100X_20210727_PM-alignV2-Scene-028-P28-F08.ome.tiff,F8,3500004636,AICS-93,['Pipeline 4.8'],Mode A,TERF2,,,
28005,fd685fd4a20e40d6a24beeda0dfc695b,34:12.0,171179,ZSD-1,/allen/programs/allencell/data/proj0/95b/fc6/a0d/eed/24b/d6a/e40/a20/fd4/685/fd/3500004636_100X_20210727_PM-alignV2-Scene-030-P30-F08.ome.tiff,F8,3500004636,AICS-93,['Pipeline 4.8'],Mode A,TERF2,,,
28013,e886b76221f6448ab70fc0bff2496894,18:23.0,171187,ZSD-1,/allen/programs/allencell/data/proj0/894/496/ff2/c0b/70f/8ab/644/21f/762/86b/e8/3500004636_100X_20210727_AM-alignV2-Scene-66-P66-F07.ome.tiff,F7,3500004636,AICS-93,['Pipeline 4.8'],Mode A,TERF2,,,
28021,73be7563ead3430590625e5f93e722e0,56:52.0,171195,ZSD-1,/allen/programs/allencell/data/proj0/2e0/e72/f93/5e5/062/059/343/ead/563/be7/73/3500004636_100X_20210727_PM-alignV2-Scene-111-P111-F10.ome.tiff,F10,3500004636,AICS-93,['Pipeline 4.8'],Mode A,TERF2,,,
28023,5ca2a06224734439a425fbb9ff1f7c87,40:43.0,171197,ZSD-1,/allen/programs/allencell/data/proj0/c87/1f7/9ff/fbb/425/39a/344/247/062/a2a/5c/3500004636_100X_20210727_AM-alignV2-Scene-29-P29-F06.ome.tiff,F6,3500004636,AICS-93,['Pipeline 4.8'],Mode A,TERF2,,,
28026,1a23e14c0c5047409393d07e176d7d97,24:30.0,171200,ZSD-1,/allen/programs/allencell/data/proj0/d97/6d7/e17/d07/393/409/047/0c5/14c/23e/1a/3500004636_100X_20210727_AM-alignV2-Scene-72-P72-F07.ome.tiff,F7,3500004636,AICS-93,['Pipeline 4.8'],Mode A,TERF2,,,
28033,e259c407add949208073d81407d99d3e,28:05.0,171207,ZSD-1,/allen/programs/allencell/data/proj0/d3e/d99/407/d81/073/208/949/add/407/59c/e2/3500004636_100X_20210727_PM-alignV2-Scene-024-P24-F08.ome.tiff,F8,3500004636,AICS-93,['Pipeline 4.8'],Mode A,TERF2,,,
28038,9b5a9227083745dab5580cc61a0b40cd,26:31.0,171212,ZSD-1,/allen/programs/allencell/data/proj0/0cd/0b4/61a/0cc/558/dab/745/083/227/5a9/9b/3500004636_100X_20210727_AM-alignV2-Scene-74-P74-F07.ome.tiff,F7,3500004636,AICS-93,['Pipeline 4.8'],Mode A,TERF2,,,
28041,7bb390e9261d4ca8a84cf009fb09ab18,27:31.0,171215,ZSD-1,/allen/programs/allencell/data/proj0/b18/09a/9fb/f00/84c/a8a/d4c/261/0e9/b39/7b/3500004636_100X_20210727_AM-alignV2-Scene-75-P75-F07.ome.tiff,F7,3500004636,AICS-93,['Pipeline 4.8'],Mode A,TERF2,,,
28047,430854c2d2c1467c93ace56dfa2f7405,33:37.0,171221,ZSD-1,/allen/programs/allencell/data/proj0/405/2f7/dfa/e56/3ac/7c9/146/d2c/4c2/085/43/3500004636_100X_20210727_AM-alignV2-Scene-22-P22-F06.ome.tiff,F6,3500004636,AICS-93,['Pipeline 4.8'],Mode A,TERF2,,,
28049,86f2082c3446426397871dcc76f51da4,59:54.0,171223,ZSD-1,/allen/programs/allencell/data/proj0/da4/f51/c76/1dc/787/639/642/344/82c/f20/86/3500004636_100X_20210727_PM-alignV2-Scene-114-P114-F10.ome.tiff,F10,3500004636,AICS-93,['Pipeline 4.8'],Mode A,TERF2,,,
28050,09835722b18741f693614c0111d7f7ce,33:11.0,171224,ZSD-1,/allen/programs/allencell/data/proj0/7ce/d7f/111/4c0/361/f69/741/b18/722/835/09/3500004636_100X_20210727_PM-alignV2-Scene-029-P29-F08.ome.tiff,F8,3500004636,AICS-93,['Pipeline 4.8'],Mode A,TERF2,,,
28052,811c9332645f431393e39e41c6516668,57:53.0,171226,ZSD-1,/allen/programs/allencell/data/proj0/668/516/1c6/9e4/3e3/139/f43/645/332/1c9/81/3500004636_100X_20210727_PM-alignV2-Scene-112-P112-F10.ome.tiff,F10,3500004636,AICS-93,['Pipeline 4.8'],Mode A,TERF2,,,
28055,b00ba281166e473e9d350d9872aebdd8,10:59.0,171229,ZSD-1,/allen/programs/allencell/data/proj0/dd8/aeb/872/0d9/d35/3e9/e47/166/281/0ba/b0/3500004636_100X_20210727_PM-alignV2-Scene-066-P66-F09.ome.tiff,F9,3500004636,AICS-93,['Pipeline 4.8'],Mode A,TERF2,,,
28058,604c86b57b0c4f0b8dc2f4e1be9e0238,25:30.0,171232,ZSD-1,/allen/programs/allencell/data/proj0/238/9e0/1be/f4e/dc2/0b8/c4f/7b0/6b5/4c8/60/3500004636_100X_20210727_AM-alignV2-Scene-73-P73-F07.ome.tiff,F7,3500004636,AICS-93,['Pipeline 4.8'],Mode A,TERF2,,,
28059,ea8a8313385e47df97e1117218e1aa07,34:38.0,171233,ZSD-1,/allen/programs/allencell/data/proj0/a07/e1a/218/117/7e1/df9/e47/385/313/8a8/ea/3500004636_100X_20210727_AM-alignV2-Scene-23-P23-F06.ome.tiff,F6,3500004636,AICS-93,['Pipeline 4.8'],Mode A,TERF2,,,
28061,fdbceb8bf3c64f86adbbdd77b40fe99b,26:05.0,171235,ZSD-1,/allen/programs/allencell/data/proj0/99b/0fe/7b4/dd7/dbb/86a/64f/f3c/b8b/bce/fd/3500004636_100X_20210727_PM-alignV2-Scene-022-P22-F08.ome.tiff,F8,3500004636,AICS-93,['Pipeline 4.8'],Mode A,TERF2,,,
28063,69d62fbc48f34edbbd1f74f305aea6ce,18:04.0,171237,ZSD-1,/allen/programs/allencell/data/proj0/6ce/aea/305/74f/d1f/dbb/34e/48f/fbc/d62/69/3500004636_100X_20210727_PM-alignV2-Scene-073-P73-F09.ome.tiff,F9,3500004636,AICS-93,['Pipeline 4.8'],Mode A,TERF2,,,
28066,bc9bbadea3af4d1eba5256d5c38a78b7,11:59.0,171240,ZSD-1,/allen/programs/allencell/data/proj0/8b7/8a7/5c3/56d/a52/1eb/f4d/a3a/ade/9bb/bc/3500004636_100X_20210727_PM-alignV2-Scene-067-P67-F09.ome.tiff,F9,3500004636,AICS-93,['Pipeline 4.8'],Mode A,TERF2,,,
28074,ff5a9bfbfdaf4e08982bba5bd598f60e,22:25.0,171248,ZSD-1,/allen/programs/allencell/data/proj0/60e/98f/bd5/ba5/82b/089/f4e/fda/bfb/5a9/ff/3500004636_100X_20210727_AM-alignV2-Scene-70-P70-F07.ome.tiff,F7,3500004636,AICS-93,['Pipeline 4.8'],Mode A,TERF2,,,
28075,c5d30e2b4b0c45539cc001abb2b7ce26,16:03.0,171249,ZSD-1,/allen/programs/allencell/data/proj0/e26/b7c/bb2/01a/cc0/539/c45/4b0/e2b/d30/c5/3500004636_100X_20210727_PM-alignV2-Scene-071-P71-F09.ome.tiff,F9,3500004636,AICS-93,['Pipeline 4.8'],Mode A,TERF2,,,
28081,5a8250e45c3b431a9eb95d5c27774e0e,21:24.0,171255,ZSD-1,/allen/programs/allencell/data/proj0/e0e/774/c27/5d5/eb9/1a9/b43/5c3/0e4/825/5a/3500004636_100X_20210727_AM-alignV2-Scene-69-P69-F07.ome.tiff,F7,3500004636,AICS-93,['Pipeline 4.8'],Mode A,TERF2,,,
28085,aac786dfe53b47d98b26765ca615bdfe,52:46.0,171259,ZSD-1,/allen/programs/allencell/data/proj0/dfe/15b/ca6/765/b26/d98/b47/e53/6df/c78/aa/3500004636_100X_20210727_PM-alignV2-Scene-107-P107-F10.ome.tiff,F10,3500004636,AICS-93,['Pipeline 4.8'],Mode A,TERF2,,,
28086,33f46097583a44aca554be14ba8bd634,20:24.0,171260,ZSD-1,/allen/programs/allencell/data/proj0/634/8bd/4ba/be1/554/aca/a44/583/097/f46/33/3500004636_100X_20210727_AM-alignV2-Scene-68-P68-F07.ome.tiff,F7,3500004636,AICS-93,['Pipeline 4.8'],Mode A,TERF2,,,
28087,9c3914883351404390bff230a68eb927,32:37.0,171261,ZSD-1,/allen/programs/allencell/data/proj0/927/8eb/0a6/f23/0bf/439/140/335/488/391/9c/3500004636_100X_20210727_AM-alignV2-Scene-21-P21-F06.ome.tiff,F6,3500004636,AICS-93,['Pipeline 4.8'],Mode A,TERF2,,,
28095,26b719ef238c459a8886b2754af217c8,19:04.0,171269,ZSD-1,/allen/programs/allencell/data/proj0/7c8/f21/54a/b27/886/9a8/c45/238/9ef/b71/26/3500004636_100X_20210727_PM-alignV2-Scene-074-P74-F09.ome.tiff,F9,3500004636,AICS-93,['Pipeline 4.8'],Mode A,TERF2,,,
28104,48f02a504a384665852edfe27640a99d,23:29.0,171278,ZSD-1,/allen/programs/allencell/data/proj0/99d/40a/276/dfe/52e/658/846/4a3/a50/f02/48/3500004636_100X_20210727_AM-alignV2-Scene-71-P71-F07.ome.tiff,F7,3500004636,AICS-93,['Pipeline 4.8'],Mode A,TERF2,,,
28107,3a0fd3cdf840431b97b9d8d10f3ef496,53:47.0,171281,ZSD-1,/allen/programs/allencell/data/proj0/496/3ef/10f/d8d/7b9/1b9/043/f84/3cd/0fd/3a/3500004636_100X_20210727_PM-alignV2-Scene-108-P108-F10.ome.tiff,F10,3500004636,AICS-93,['Pipeline 4.8'],Mode A,TERF2,,,
28114,dff4ad00f9f4402c8bcef383b702340e,38:43.0,171288,ZSD-1,/allen/programs/allencell/data/proj0/40e/023/3b7/f38/bce/2c8/440/f9f/d00/f4a/df/3500004636_100X_20210727_AM-alignV2-Scene-27-P27-F06.ome.tiff,F6,3500004636,AICS-93,['Pipeline 4.8'],Mode A,TERF2,,,
28115,c64db4816586492cb186fcc3b6e1e921,51:46.0,171289,ZSD-1,/allen/programs/allencell/data/proj0/921/e1e/3b6/fcc/186/2cb/649/658/481/4db/c6/3500004636_100X_20210727_PM-alignV2-Scene-106-P106-F10.ome.tiff,F10,3500004636,AICS-93,['Pipeline 4.8'],Mode A,TERF2,,,
28117,6de235b902104eda8eb1400e0a6cb0fa,25:04.0,171291,ZSD-1,/allen/programs/allencell/data/proj0/0fa/6cb/e0a/400/eb1/da8/04e/021/5b9/e23/6d/3500004636_100X_20210727_PM-alignV2-Scene-021-P21-F08.ome.tiff,F8,3500004636,AICS-93,['Pipeline 4.8'],Mode A,TERF2,,,
28119,9198bf37a35e4cb78905e5cd7fd627b0,13:58.0,171293,ZSD-1,/allen/programs/allencell/data/proj0/7b0/d62/d7f/e5c/905/b78/e4c/a35/f37/98b/91/3500004636_100X_20210727_PM-alignV2-Scene-069-P69-F09.ome.tiff,F9,3500004636,AICS-93,['Pipeline 4.8'],Mode A,TERF2,,,
28138,1cf54aa20b294971a573bf046e2e4da0,43:54.0,171366,ZSD-3,/allen/programs/allencell/data/proj0/da0/2e4/46e/bf0/573/71a/949/0b2/aa2/f54/1c/3500004637_100X_20210727-alignV2-Scene-51-P69-F05.ome.tiff,F5,3500004637,AICS-93,['Pipeline 4.8'],Mode A,TERF2,,,
28162,00da09ba16a94b9aabd192b86732e575,17:54.0,171390,ZSD-1,/allen/programs/allencell/data/proj0/575/32e/867/92b/bd1/9aa/94b/16a/9ba/da0/00/3500004634_100X_20210728-alignV2-Scene-21-P21-F09.ome.tiff,F9,3500004634,AICS-93,['Pipeline 4.8'],Mode A,TERF2,,,
28165,9b9ccb8465ee43eb84b716a0dab3443a,24:04.0,171393,ZSD-1,/allen/programs/allencell/data/proj0/43a/b34/0da/16a/4b7/eb8/e43/65e/b84/9cc/9b/3500004634_100X_20210728-alignV2-Scene-27-P27-F09.ome.tiff,F9,3500004634,AICS-93,['Pipeline 4.8'],Mode A,TERF2,,,
28168,26bc5c241d5441b4b343c995233fe515,27:05.0,171396,ZSD-1,/allen/programs/allencell/data/proj0/515/3fe/523/c99/343/b4b/441/1d5/c24/bc5/26/3500004634_100X_20210728-alignV2-Scene-30-P30-F09.ome.tiff,F9,3500004634,AICS-93,['Pipeline 4.8'],Mode A,TERF2,,,
28173,c376428c8fdc4d878c9aa60ffaa7f7bf,19:55.0,171401,ZSD-1,/allen/programs/allencell/data/proj0/7bf/a7f/ffa/a60/c9a/878/c4d/8fd/28c/764/c3/3500004634_100X_20210728-alignV2-Scene-23-P23-F09.ome.tiff,F9,3500004634,AICS-93,['Pipeline 4.8'],Mode A,TERF2,,,
28178,bcd9363fc06242809a90fd8cadb28f79,18:54.0,171406,ZSD-1,/allen/programs/allencell/data/proj0/f79/b28/cad/fd8/a90/809/242/c06/63f/d93/bc/3500004634_100X_20210728-alignV2-Scene-22-P22-F09.ome.tiff,F9,3500004634,AICS-93,['Pipeline 4.8'],Mode A,TERF2,,,
28182,b5d14def7d1e4590995b4de30f1e2b99,25:04.0,171410,ZSD-1,/allen/programs/allencell/data/proj0/b99/1e2/30f/4de/95b/909/e45/7d1/def/d14/b5/3500004634_100X_20210728-alignV2-Scene-28-P28-F09.ome.tiff,F9,3500004634,AICS-93,['Pipeline 4.8'],Mode A,TERF2,,,
28184,d09f8c5c5e19484bafc1cf437b39bc6a,20:55.0,171412,ZSD-1,/allen/programs/allencell/data/proj0/c6a/39b/37b/cf4/fc1/4ba/948/5e1/c5c/9f8/d0/3500004634_100X_20210728-alignV2-Scene-24-P24-F09.ome.tiff,F9,3500004634,AICS-93,['Pipeline 4.8'],Mode A,TERF2,,,
28187,a1887e7eaa7e44498cdd82142215cd5b,26:05.0,171415,ZSD-1,/allen/programs/allencell/data/proj0/d5b/15c/422/821/cdd/498/e44/aa7/e7e/887/a1/3500004634_100X_20210728-alignV2-Scene-29-P29-F09.ome.tiff,F9,3500004634,AICS-93,['Pipeline 4.8'],Mode A,TERF2,,,
28189,2e34c44e9b4b4315926f5fb54ce0a206,21:55.0,171417,ZSD-1,/allen/programs/allencell/data/proj0/206/e0a/54c/5fb/26f/159/b43/9b4/44e/34c/2e/3500004634_100X_20210728-alignV2-Scene-25-P25-F09.ome.tiff,F9,3500004634,AICS-93,['Pipeline 4.8'],Mode A,TERF2,,,
28190,a9d44b2c68fb41b9b666a27f9e4c8266,23:04.0,171418,ZSD-1,/allen/programs/allencell/data/proj0/266/4c8/f9e/a27/666/b9b/b41/68f/b2c/d44/a9/3500004634_100X_20210728-alignV2-Scene-26-P26-F09.ome.tiff,F9,3500004634,AICS-93,['Pipeline 4.8'],Mode A,TERF2,,,
28348,5382e262017240fdab3ea8deae2dc15c,27:13.0,171578,ZSD-1,/allen/programs/allencell/data/proj0/15c/2dc/eae/a8d/b3e/fda/240/017/262/82e/53/3500004675_100X_20210816-alignV2-Scene-13-P17-F10.ome.tiff,F10,3500004675,AICS-93,['Pipeline 4.8'],Mode A,TERF2,,,
28350,98b65cf5567045bca4df736523f78c65,28:13.0,171581,ZSD-1,/allen/programs/allencell/data/proj0/c65/f78/523/736/4df/bca/045/567/cf5/b65/98/3500004675_100X_20210816-alignV2-Scene-14-P18-F10.ome.tiff,F10,3500004675,AICS-93,['Pipeline 4.8'],Mode A,TERF2,,,
28355,1d1f6c6538c1497691a380b86ae923fe,29:13.0,171588,ZSD-1,/allen/programs/allencell/data/proj0/3fe/e92/86a/80b/1a3/769/149/38c/c65/1f6/1d/3500004675_100X_20210816-alignV2-Scene-15-P19-F10.ome.tiff,F10,3500004675,AICS-93,['Pipeline 4.8'],Mode A,TERF2,,,
28461,f0fb7bb07290457f8513af7fa1bbd76d,20:42.0,171716,ZSD-1,/allen/programs/allencell/data/proj0/76d/bbd/fa1/af7/513/7f8/045/729/bb0/fb7/f0/3500004659_100X_20210812-alignV2-Scene-107-P107-F10.ome.tiff,F10,3500004659,AICS-93,['Pipeline 4.8'],Mode A,TERF2,,,
28462,550e24edb6ca4612af963dfe70d71f41,03:53.0,171717,ZSD-1,/allen/programs/allencell/data/proj0/f41/d71/e70/3df/f96/12a/a46/b6c/4ed/0e2/55/3500004659_100X_20210812-alignV2-Scene-031-P31-F08.ome.tiff,F8,3500004659,AICS-93,['Pipeline 4.8'],Mode A,TERF2,,,
28477,a234389e39834cbd9d962da5234dcdfc,02:50.0,171732,ZSD-1,/allen/programs/allencell/data/proj0/dfc/4dc/523/2da/d96/bd9/34c/398/89e/343/a2/3500004673_100x_20210812-alignV2-Scene-072-P72-F09.ome.tiff,F9,3500004673,AICS-93,['Pipeline 4.8'],Mode A,TERF2,,,
28478,54e937f9f9ab43e7a1068f79de69a282,12:57.0,171733,ZSD-1,/allen/programs/allencell/data/proj0/282/69a/9de/8f7/106/e7a/b43/f9a/7f9/e93/54/3500004659_100X_20210812-alignV2-Scene-040-P40-F08.ome.tiff,F8,3500004659,AICS-93,['Pipeline 4.8'],Mode A,TERF2,,,
28480,c31b0302a029480aab3ea673a75e089c,05:50.0,171735,ZSD-1,/allen/programs/allencell/data/proj0/89c/5e0/3a7/a67/b3e/0aa/948/a02/302/1b0/c3/3500004673_100x_20210812-alignV2-Scene-075-P75-F09.ome.tiff,F9,3500004673,AICS-93,['Pipeline 4.8'],Mode A,TERF2,,,
28483,6a815f710b39496c8b078eb0edc4eb27,22:42.0,171738,ZSD-1,/allen/programs/allencell/data/proj0/b27/c4e/0ed/8eb/b07/6c8/949/0b3/f71/815/6a/3500004659_100X_20210812-alignV2-Scene-109-P109-F10.ome.tiff,F10,3500004659,AICS-93,['Pipeline 4.8'],Mode A,TERF2,,,
28489,066fe7a379644069ac8642067686bdbf,07:54.0,171744,ZSD-1,/allen/programs/allencell/data/proj0/dbf/86b/676/420/c86/69a/440/796/7a3/6fe/06/3500004673_100x_20210812-alignV2-Scene-077-P77-F09.ome.tiff,F9,3500004673,AICS-93,['Pipeline 4.8'],Mode A,TERF2,,,
28493,d8d9db03812a42ea87f7931c793ceff7,39:15.0,171748,ZSD-1,/allen/programs/allencell/data/proj0/ff7/3ce/c79/931/7f7/ea8/a42/812/b03/d9d/d8/3500004659_100X_20210812-alignV2-Scene-066-P66-F09.ome.tiff,F9,3500004659,AICS-93,['Pipeline 4.8'],Mode A,TERF2,,,
28494,00a15adb6a834af39500d87aea157356,11:57.0,171749,ZSD-1,/allen/programs/allencell/data/proj0/356/157/aea/d87/500/f39/34a/6a8/adb/a15/00/3500004659_100X_20210812-alignV2-Scene-039-P39-F08.ome.tiff,F8,3500004659,AICS-93,['Pipeline 4.8'],Mode A,TERF2,,,
28496,0fd9a7beff334caaa7e0f5d2e6c6348e,25:44.0,171751,ZSD-1,/allen/programs/allencell/data/proj0/48e/c63/2e6/f5d/7e0/aaa/34c/ff3/7be/d9a/0f/3500004659_100X_20210812-alignV2-Scene-112-P112-F10.ome.tiff,F10,3500004659,AICS-93,['Pipeline 4.8'],Mode A,TERF2,,,
28498,28fa4b3545bf496e9cdca23ef7c73fc5,42:16.0,171753,ZSD-1,/allen/programs/allencell/data/proj0/fc5/c73/ef7/a23/cdc/6e9/f49/45b/b35/fa4/28/3500004659_100X_20210812-alignV2-Scene-069-P69-F09.ome.tiff,F9,3500004659,AICS-93,['Pipeline 4.8'],Mode A,TERF2,,,
28502,501439515f5d4b5c87956e17e3a48742,01:20.0,171757,ZSD-1,/allen/programs/allencell/data/proj0/742/a48/7e3/6e1/795/5c8/d4b/5f5/951/143/50/3500004673_100x_20210812-alignV2-Scene-011-P11-F06.ome.tiff,F6,3500004673,AICS-93,['Pipeline 4.8'],Mode A,TERF2,,,
28507,fa504ba2477e443a9b65fa9814538d2d,36:36.0,171762,ZSD-1,/allen/programs/allencell/data/proj0/d2d/538/814/fa9/b65/3a9/e44/477/ba2/504/fa/3500004673_100x_20210812-alignV2-Scene-046-P46-F08.ome.tiff,F8,3500004673,AICS-93,['Pipeline 4.8'],Mode A,TERF2,,,
28508,bc47fe8809324849aea9ddc683e69654,41:15.0,171763,ZSD-1,/allen/programs/allencell/data/proj0/654/e69/683/ddc/ea9/49a/248/093/e88/47f/bc/3500004659_100X_20210812-alignV2-Scene-068-P68-F09.ome.tiff,F9,3500004659,AICS-93,['Pipeline 4.8'],Mode A,TERF2,,,
28512,88ae2fb6abb4483d86ed4c4c872daa61,19:42.0,171767,ZSD-1,/allen/programs/allencell/data/proj0/a61/2da/c87/4c4/6ed/3d8/448/abb/fb6/ae2/88/3500004659_100X_20210812-alignV2-Scene-106-P106-F10.ome.tiff,F10,3500004659,AICS-93,['Pipeline 4.8'],Mode A,TERF2,,,
28513,7f393b596e304fc19e7fa43307f2f987,04:50.0,171768,ZSD-1,/allen/programs/allencell/data/proj0/987/f2f/307/a43/e7f/c19/04f/6e3/b59/393/7f/3500004673_100x_20210812-alignV2-Scene-074-P74-F09.ome.tiff,F9,3500004673,AICS-93,['Pipeline 4.8'],Mode A,TERF2,,,
28521,2c4e070d94c24c09bd749492e158a8e7,09:56.0,171776,ZSD-1,/allen/programs/allencell/data/proj0/8e7/58a/2e1/949/d74/09b/24c/94c/70d/4e0/2c/3500004659_100X_20210812-alignV2-Scene-037-P37-F08.ome.tiff,F8,3500004659,AICS-93,['Pipeline 4.8'],Mode A,TERF2,,,
28527,4bfeeeb29ba24947a11f236239f3d16c,21:42.0,171782,ZSD-1,/allen/programs/allencell/data/proj0/16c/f3d/239/236/11f/47a/249/9ba/eb2/fee/4b/3500004659_100X_20210812-alignV2-Scene-108-P108-F10.ome.tiff,F10,3500004659,AICS-93,['Pipeline 4.8'],Mode A,TERF2,,,
28536,4b47264fbf6a4ad3a7ea18295298da2e,43:16.0,171791,ZSD-1,/allen/programs/allencell/data/proj0/a2e/98d/952/182/7ea/d3a/a4a/bf6/64f/472/4b/3500004659_100X_20210812-alignV2-Scene-070-P70-F09.ome.tiff,F9,3500004659,AICS-93,['Pipeline 4.8'],Mode A,TERF2,,,
28543,4a394a65ef4f4f97b7b96673cacf6e00,23:41.0,171798,ZSD-1,/allen/programs/allencell/data/proj0/e00/cf6/3ca/667/7b9/97b/f4f/ef4/a65/394/4a/3500004659_100X_20210812-alignV2-Scene-110-P110-F10.ome.tiff,F10,3500004659,AICS-93,['Pipeline 4.8'],Mode A,TERF2,,,
28562,4d8fa0868a114e2ba21a9ebc0f74200f,09:55.0,171824,ZSD-1,/allen/programs/allencell/data/proj0/00f/742/c0f/9eb/21a/2ba/14e/8a1/086/8fa/4d/3500004673_100x_20210812-alignV2-Scene-079-P79-F09.ome.tiff,F9,3500004673,AICS-93,['Pipeline 4.8'],Mode A,TERF2,,,
28573,dd720fffefc74604b4232104544cbd58,05:54.0,171838,ZSD-1,/allen/programs/allencell/data/proj0/d58/4cb/454/210/423/04b/746/efc/fff/720/dd/3500004659_100X_20210812-alignV2-Scene-033-P33-F08.ome.tiff,F8,3500004659,AICS-93,['Pipeline 4.8'],Mode A,TERF2,,,
28574,50535f2daa0b4f6eb5a79aaeb6c6992b,26:44.0,171839,ZSD-1,/allen/programs/allencell/data/proj0/92b/c69/eb6/9aa/5a7/6eb/b4f/aa0/f2d/535/50/3500004659_100X_20210812-alignV2-Scene-113-P113-F10.ome.tiff,F10,3500004659,AICS-93,['Pipeline 4.8'],Mode A,TERF2,,,
28583,2b177651c9d34eb68942fc0944afbb87,44:18.0,171850,ZSD-1,/allen/programs/allencell/data/proj0/b87/afb/944/fc0/942/b68/34e/c9d/651/177/2b/3500004659_100X_20210812-alignV2-Scene-071-P71-F09.ome.tiff,F9,3500004659,AICS-93,['Pipeline 4.8'],Mode A,TERF2,,,
28590,11094b9cf70c4d3bb23c30d8118c6d17,35:11.0,171858,ZSD-1,/allen/programs/allencell/data/proj0/d17/8c6/811/30d/23c/3bb/c4d/f70/b9c/094/11/3500004673_100x_20210812-alignV2-Scene-104-P104-F10.ome.tiff,F10,3500004673,AICS-93,['Pipeline 4.8'],Mode A,TERF2,,,
28593,5495be7f389f416f92a72279cd32b18c,40:37.0,171861,ZSD-1,/allen/programs/allencell/data/proj0/18c/32b/9cd/227/2a7/6f9/f41/389/e7f/95b/54/3500004673_100x_20210812-alignV2-Scene-050-P50-F08.ome.tiff,F8,3500004673,AICS-93,['Pipeline 4.8'],Mode A,TERF2,,,
28597,0c019b4bddfe4afc93a8d8fcb59bc7e7,08:55.0,171865,ZSD-1,/allen/programs/allencell/data/proj0/7e7/9bc/cb5/d8f/3a8/fc9/e4a/ddf/b4b/019/0c/3500004673_100x_20210812-alignV2-Scene-078-P78-F09.ome.tiff,F9,3500004673,AICS-93,['Pipeline 4.8'],Mode A,TERF2,,,
28599,8682c6bb8a704adfb34f4637a033e46e,48:19.0,171867,ZSD-1,/allen/programs/allencell/data/proj0/46e/33e/7a0/463/34f/dfb/04a/8a7/6bb/82c/86/3500004659_100X_20210812-alignV2-Scene-075-P75-F09.ome.tiff,F9,3500004659,AICS-93,['Pipeline 4.8'],Mode A,TERF2,,,
28600,9338492bd5544d59951887c1510c62b4,19:28.0,171868,ZSD-1,/allen/programs/allencell/data/proj0/2b4/0c6/151/87c/518/599/44d/d55/92b/384/93/3500004673_100x_20210812-alignV2-Scene-029-P29-F07.ome.tiff,F7,3500004673,AICS-93,['Pipeline 4.8'],Mode A,TERF2,,,
28602,b7fc577220d144b4a1adf0566fd2a311,24:44.0,171871,ZSD-1,/allen/programs/allencell/data/proj0/311/d2a/66f/f05/1ad/b4a/144/20d/772/fc5/b7/3500004659_100X_20210812-alignV2-Scene-111-P111-F10.ome.tiff,F10,3500004659,AICS-93,['Pipeline 4.8'],Mode A,TERF2,,,
28604,9d348f8a61ac495198b1bbffbae54a70,38:15.0,171873,ZSD-1,/allen/programs/allencell/data/proj0/a70/e54/fba/bbf/8b1/519/c49/61a/f8a/348/9d/3500004673_100x_20210812-alignV2-Scene-107-P107-F10.ome.tiff,F10,3500004673,AICS-93,['Pipeline 4.8'],Mode A,TERF2,,,
28605,9e358e5a57bb4e3ca969b7a94bc04d0b,03:20.0,171874,ZSD-1,/allen/programs/allencell/data/proj0/d0b/c04/94b/b7a/969/3ca/b4e/57b/e5a/358/9e/3500004673_100x_20210812-alignV2-Scene-013-P13-F06.ome.tiff,F6,3500004673,AICS-93,['Pipeline 4.8'],Mode A,TERF2,,,
28618,c82f866bf0ed47e7bd1daa08f1a23418,32:11.0,171892,ZSD-1,/allen/programs/allencell/data/proj0/418/a23/8f1/aa0/d1d/e7b/d47/f0e/66b/2f8/c8/3500004673_100x_20210812-alignV2-Scene-101-P101-F10.ome.tiff,F10,3500004673,AICS-93,['Pipeline 4.8'],Mode A,TERF2,,,
28620,eef96636900e470283b5f4d6b475bb95,39:37.0,171895,ZSD-1,/allen/programs/allencell/data/proj0/b95/75b/6b4/f4d/3b5/028/e47/900/636/f96/ee/3500004673_100x_20210812-alignV2-Scene-049-P49-F08.ome.tiff,F8,3500004673,AICS-93,['Pipeline 4.8'],Mode A,TERF2,,,
28626,f6fdb4a269e2481a9107f71e78db9ab6,02:20.0,171902,ZSD-1,/allen/programs/allencell/data/proj0/ab6/db9/e78/f71/107/1a9/248/69e/4a2/fdb/f6/3500004673_100x_20210812-alignV2-Scene-012-P12-F06.ome.tiff,F6,3500004673,AICS-93,['Pipeline 4.8'],Mode A,TERF2,,,
28627,c02f0715087943759379b89f7c52ea2a,37:15.0,171903,ZSD-1,/allen/programs/allencell/data/proj0/a2a/52e/f7c/b89/379/759/943/087/715/2f0/c0/3500004673_100x_20210812-alignV2-Scene-106-P106-F10.ome.tiff,F10,3500004673,AICS-93,['Pipeline 4.8'],Mode A,TERF2,,,
28628,b402a7508b66468abcc39af0c248fec0,36:12.0,171904,ZSD-1,/allen/programs/allencell/data/proj0/ec0/48f/0c2/9af/cc3/8ab/646/8b6/750/02a/b4/3500004673_100x_20210812-alignV2-Scene-105-P105-F10.ome.tiff,F10,3500004673,AICS-93,['Pipeline 4.8'],Mode A,TERF2,,,
